


ARM Macro Assembler    Page 1 


    1 00000000         ;/*!
    2 00000000         ;    \file    startup_gd32a7xx.s
    3 00000000         ;    \brief   start up file
    4 00000000         ;
    5 00000000         ;    \version 2026-1-23, V1.1.0, firmware for GD32A7xx
    6 00000000         ;*/
    7 00000000         ;
    8 00000000         ;/*
    9 00000000         ; * Copyright (c) 2009-2018 Arm Limited. All rights rese
                       rved.
   10 00000000         ; * Copyright (c) 2026, GigaDevice Semiconductor Inc.
   11 00000000         ; *
   12 00000000         ; * SPDX-License-Identifier: Apache-2.0
   13 00000000         ; *
   14 00000000         ; * Licensed under the Apache License, Version 2.0 (the 
                       License); you may
   15 00000000         ; * not use this file except in compliance with the Lice
                       nse.
   16 00000000         ; * You may obtain a copy of the License at
   17 00000000         ; *
   18 00000000         ; * www.apache.org/licenses/LICENSE-2.0
   19 00000000         ; *
   20 00000000         ; * Unless required by applicable law or agreed to in wr
                       iting, software
   21 00000000         ; * distributed under the License is distributed on an A
                       S IS BASIS, WITHOUT
   22 00000000         ; * WARRANTIES OR CONDITIONS OF ANY KIND, either express
                        or implied.
   23 00000000         ; * See the License for the specific language governing 
                       permissions and
   24 00000000         ; * limitations under the License.
   25 00000000         ; */
   26 00000000         
   27 00000000         ;/* This file refers the CMSIS standard, some adjustment
                       s are made according to GigaDevice chips */
   28 00000000         
   29 00000000         ; <h> Stack Configuration
   30 00000000         ;   <o> Stack Size (in Bytes) <0x0-0xFFFFFFFF:8>
   31 00000000         ; </h>
   32 00000000         
   33 00000000 00001000 
                       Stack_Size
                               EQU              0x00001000
   34 00000000         
   35 00000000                 AREA             STACK, NOINIT, READWRITE, ALIGN
=3
   36 00000000         Stack_Mem
                               SPACE            Stack_Size
   37 00001000         __initial_sp
   38 00001000         
   39 00001000         
   40 00001000         ; <h> Heap Configuration
   41 00001000         ;   <o>  Heap Size (in Bytes) <0x0-0xFFFFFFFF:8>
   42 00001000         ; </h>
   43 00001000         
   44 00001000 00000800 
                       Heap_Size
                               EQU              0x000000800
   45 00001000         



ARM Macro Assembler    Page 2 


   46 00001000                 AREA             HEAP, NOINIT, READWRITE, ALIGN=
3
   47 00000000         __heap_base
   48 00000000         Heap_Mem
                               SPACE            Heap_Size
   49 00000800         __heap_limit
   50 00000800         
   51 00000800                 PRESERVE8
   52 00000800                 THUMB
   53 00000800         
   54 00000800         ;               /* reset Vector Mapped to at Address 0 *
                       /
   55 00000800                 AREA             RESET, DATA, READONLY
   56 00000000                 EXPORT           __Vectors
   57 00000000                 EXPORT           __Vectors_End
   58 00000000                 EXPORT           __Vectors_Size
   59 00000000         
   60 00000000 5AA55AA5 
                       __IVT   DCD              0x5AA55AA5  ; valid IVT header 
                                                            marker 
   61 00000004 00000001        DCD              0x00000001  ; bit0 : M7_0 enabl
                                                            e
   62 00000008 00000000        DCD              0           ; Reserved
   63 0000000C 00000000        DCD              __Vectors   ; M7_0 start addres
                                                            s
   64 00000010 00000000        DCD              0           ; Reserved
   65 00000014 00000000        DCD              0           ; Reserved
   66 00000018 00000000        DCD              0           ; Reserved
   67 0000001C 00000000        DCD              0           ; Reserved
   68 00000020 00000000        DCD              0           ; Reserved
   69 00000024 00000000        DCD              0           ; lifecycle configu
                                                            re
   70 00000028 00 00 00 
              00 00 00 
              00 00 00 
              00 00 00 
              00 00 00 
              00 00 00 
              00 00 00 
              00 00 00 
              00 00 00 
              00 00 00 
              00 00 00 
              00 00 00 
              00 00 00 
              00 00 00 
              00 00 00 
              00 00 00 
              00 00 00 
              00 00 00 
              00 00 00 
              00 00 00 
              00 00 00 
              00 00 00 
              00 00 00 
              00 00 00 
              00 00 00 
              00 00 00 
              00 00 00 



ARM Macro Assembler    Page 3 


              00 00 00 
              00 00 00 
              00 00 00 
              00 00 00 
              00 00 00 
              00 00 00 
              00 00 00 
              00 00 00 
              00 00 00 
              00 00 00 
              00 00 00 
              00 00 00 
              00 00 00 
              00 00 00 
              00 00 00 
              00 00 00 
              00 00 00 
              00 00 00 
              00 00 00 
              00 00 00 
              00 00 00 
              00 00 00 
              00 00 00 
              00 00 00 
              00 00 00 
              00 00 00 
              00 00 00 
              00 00 00 
              00 00 00 
              00 00 00 
              00 00 00 
              00 00 00 
              00 00 00 
              00 00 00 
              00 00 00 
              00 00 00 
              00 00 00 
              00 00 00 
              00 00 00 
              00 00 00 
              00 00 00 
              00 00 00 
              00 00 00 
              00 00 00 
              00 00 00 
              00 00 00 
              00 00 00 
              00 00 00 
              00 00 00 
              00 00 00 
              00 00 00 
              00 00 00 
              00 00 00 
              00 00 00 
              00 00 00 
              00 00 00 
              00 00 00 
              00 00 00 
              00 00 00 



ARM Macro Assembler    Page 4 


              00 00 00 
              00 00 00 
              00 00 00 
              00 00 00 
              00 00 00 
              00 00 00 
              00 00 00 
              00 00 00 
              00 00 00 
              00 00 00 
              00 00 00 
              00 00 00 
              00 00 00 
              00 00 00 
              00 00 00 
              00 00 00 
              00 00 00 
              00 00 00 
              00 00 00 
              00 00 00 
              00 00 00 
              00 00 00 
              00 00 00 
              00 00 00 
              00 00 00 
              00 00 00 
              00 00 00 
              00 00 00 
              00 00 00 
              00 00 00 
              00 00 00 
              00 00 00 
              00 00 00 
              00 00 00 
              00 00 00 
              00 00 00 
              00 00 00 
              00 00 00 
              00 00 00 
              00 00 00 
              00 00 00 
              00 00 00 
              00 00 00 
              00 00 00 
              00 00 00 
              00 00 00 
              00 00 00 
              00 00 00 
              00 00 00 
              00 00 00 
              00 00 00 
              00 00 00 
              00 00 00 
              00 00 00 
              00 00 00 
              00 00 00 
              00 00 00 
              00 00 00 
              00 00 00 



ARM Macro Assembler    Page 5 


              00 00 00 
              00 00 00 
              00 00 00 
              00 00 00 
              00 00 00 
              00 00 00 
              00 00 00 
              00 00 00 
              00 00 00 
              00 00 00 
              00 00 00 
              00 00 00 
              00 00 00 
              00 00 00 
              00 00 00 
              00 00 00 
              00 00 00 
              00 00 00 
              00 00 00 
              00 00 00 
              00 00 00 
              00 00 00 
              00 00 00 
              00 00 00 
              00 00 00 
              00 00 00 
              00 00 00 
              00 00 00 
              00 00 00 
              00 00 00 
              00 00 00 
              00 00 00 
              00 00 00 
              00 00 00 
              00 00 00 
              00 00 00 
              00 00 00 
              00 00 00 
              00 00 00 
              00 00 00 
              00 00 00 
              00 00 00 
              00 00 00 
              00 00 00 
              00 00 00 
              00 00 00 
              00 00 00 
              00 00 00 
              00 00 00 
              00 00 00 
              00 00 00 
              00 00 00 
              00 00 00 
              00 00 00 
              00 00 00 
              00 00 00 
              00 00 00 
              00 00 00 
              00 00 00 



ARM Macro Assembler    Page 6 


              00 00 00 
              00 00 00 
              00 00 00 
              00 00 00 
              00 00 00 
              00 00 00 
              00 00 00 
              00 00 00 
              00 00 00 
              00 00 00 
              00 00 00 
              00 00 00 
              00 00 00 
              00 00 00 
              00 00 00 
              00 00 00 
              00 00 00 
              00 00 00 
              00 00 00 
              00 00 00 
              00 00 00 
              00 00 00 
              00 00 00 
              00 00 00 
              00 00 00 
              00 00 00 
              00 00 00 
              00 00 00 
              00 00 00 
              00 00 00 
              00 00 00 
              00 00 00 
              00 00 00 
              00 00 00 
              00 00 00 
              00 00 00 
              00 00 00 
              00 00 00 
              00 00 00 
              00 00 00 
              00 00 00 
              00 00 00 
              00 00 00 
              00 00 00 
              00 00 00 
              00 00 00 
              00 00 00 
              00 00 00 
              00 00 00 
              00 00 00 
              00 00 00 
              00 00 00 
              00 00 00 
              00 00 00 
              00 00 00 
              00 00 00 
              00 00 00 
              00 00 00 
              00 00 00 



ARM Macro Assembler    Page 7 


              00 00 00 
              00 00 00 
              00 00 00 
              00 00 00 
              00 00 00 
              00 00 00 
              00 00 00 
              00 00 00 
              00 00 00 
              00 00 00 
              00 00 00 
              00 00 00 
              00 00 00 
              00 00 00 
              00 00 00 
              00 00 00 
              00 00 00 
              00 00 00 
              00 00 00 
              00 00 00 
              00 00 00 
              00 00 00 
              00 00 00 
              00 00 00 
              00 00 00 
              00 00 00 
              00 00 00 
              00 00 00 
              00 00 00 
              00 00 00 
              00 00 00 
              00 00 00 
              00 00 00 
              00 00 00 
              00 00 00 
              00 00 00 
              00 00 00 
              00 00 00 
              00 00 00 
              00 00 00 
              00 00 00 
              00 00 00 
              00 00 00 
              00 00 00 
              00 00 00 
              00 00 00 
              00 00 00 
              00 00 00 
              00 00 00 
              00 00 00 
              00 00 00 
              00 00 00 
              00 00 00 
              00 00 00 
              00 00 00 
              00 00 00 
              00 00 00 
              00 00 00 
              00 00 00 



ARM Macro Assembler    Page 8 


              00 00 00 
              00 00 00 
              00 00 00 
              00 00 00 
              00 00 00 
              00 00 00         SPACE            0x3D8
   71 00000400         
   72 00000400 00000000 
                       __Vectors
                               DCD              __initial_sp ; Top of Stack
   73 00000404 00000000        DCD              Reset_Handler ; Reset Handler
   74 00000408 00000000        DCD              NMI_Handler ; NMI Handler
   75 0000040C 00000000        DCD              HardFault_Handler ; Hard Fault 
                                                            Handler
   76 00000410 00000000        DCD              MemManage_Handler 
                                                            ; MPU Fault Handler
                                                            
   77 00000414 00000000        DCD              BusFault_Handler 
                                                            ; Bus Fault Handler
                                                            
   78 00000418 00000000        DCD              UsageFault_Handler ; Usage Faul
                                                            t Handler
   79 0000041C 00000000        DCD              0           ; Reserved
   80 00000420 00000000        DCD              0           ; Reserved
   81 00000424 00000000        DCD              0           ; Reserved
   82 00000428 00000000        DCD              0           ; Reserved
   83 0000042C 00000000        DCD              SVC_Handler ; SVCall Handler
   84 00000430 00000000        DCD              DebugMon_Handler ; Debug Monito
                                                            r Handler
   85 00000434 00000000        DCD              0           ; Reserved
   86 00000438 00000000        DCD              PendSV_Handler ; PendSV Handler
                                                            
   87 0000043C 00000000        DCD              SysTick_Handler 
                                                            ; SysTick Handler
   88 00000440         
   89 00000440         ;               /* external interrupts handler */
   90 00000440 00000000        DCD              WWDGT0_IRQHandler ; 16:Window W
                                                            atchdog 0 interrupt
                                                            
   91 00000444 00000000        DCD              HVD_LVD_IRQHandler ; 17:LVD/HVD
                                                             through EXTI Line 
                                                            detect interrupt
   92 00000448 00000000        DCD              RTC_Alarm_IRQHandler ; 18:RTC A
                                                            larm interrupt thro
                                                            ugh EXTI Line inter
                                                            rupt
   93 0000044C 00000000        DCD              RTC_IRQHandler ; 19:RTC global 
                                                            interrupt
   94 00000450 00000000        DCD              FMC_IRQHandler ; 20:FMC global 
                                                            interrupt
   95 00000454 00000000        DCD              RCU_IRQHandler ; 21:RCU clock r
                                                            eady interrupt
   96 00000458 00000000        DCD              EXTI0_IRQHandler ; 22:EXTI Line
                                                             0 interrupt
   97 0000045C 00000000        DCD              EXTI1_IRQHandler ; 23:EXTI Line
                                                             1 interrupt
   98 00000460 00000000        DCD              EXTI2_IRQHandler ; 24:EXTI Line
                                                             2 interrupt
   99 00000464 00000000        DCD              EXTI3_IRQHandler ; 25:EXTI Line



ARM Macro Assembler    Page 9 


                                                             3 interrupt
  100 00000468 00000000        DCD              EXTI4_IRQHandler ; 26:EXTI Line
                                                             4 interrupt
  101 0000046C 00000000        DCD              DMA0_Channel0_IRQHandler ; 27:D
                                                            MA0 Channel0 global
                                                             interrupt
  102 00000470 00000000        DCD              DMA0_Channel1_IRQHandler ; 28:D
                                                            MA0 Channel1 global
                                                             interrupt
  103 00000474 00000000        DCD              DMA0_Channel2_IRQHandler ; 29:D
                                                            MA0 Channel2 global
                                                             interrupt
  104 00000478 00000000        DCD              DMA0_Channel3_IRQHandler ; 30:D
                                                            MA0 Channel3 global
                                                             interrupt
  105 0000047C 00000000        DCD              DMA0_Channel4_IRQHandler ; 31:D
                                                            MA0 Channel4 global
                                                             interrupt
  106 00000480 00000000        DCD              DMA0_Channel5_IRQHandler ; 32:D
                                                            MA0 Channel5 global
                                                             interrupt
  107 00000484 00000000        DCD              DMA0_Channel6_IRQHandler ; 33:D
                                                            MA0 Channel6 global
                                                             interrupt
  108 00000488 00000000        DCD              ADC0_IRQHandler 
                                                            ; 34:ADC0 interrupt
                                                            
  109 0000048C 00000000        DCD              DTM_CAN0_INT0_IRQHandler ; 35:D
                                                            TM_CAN0 Interrupt 0
                                                            
  110 00000490 00000000        DCD              DTM_CAN0_INT1_IRQHandler ; 36:D
                                                            TM_CAN0 Interrupt 1
                                                            
  111 00000494 00000000        DCD              0           ; 37:Reserved
  112 00000498 00000000        DCD              0           ; 38:Reserved
  113 0000049C 00000000        DCD              0           ; 39:Reserved
  114 000004A0 00000000        DCD              0           ; 40:Reserved
  115 000004A4 00000000        DCD              DTM_CAN0_DMU_IRQHandler ; 41:DT
                                                            M_CAN0 DMU interrup
                                                            t
  116 000004A8 00000000        DCD              TIMER0_BRK_UP_TRG_CMT_IRQHandle
r 
                                                            ; 42:TIMER0 Break U
                                                            pdate Trigger and C
                                                            ommutation
  117 000004AC 00000000        DCD              TIMER2_IRQHandler ; 43:TIMER2 u
                                                            pdate, trigger and 
                                                            commutation, dec in
                                                            terrupt
  118 000004B0 00000000        DCD              TIMER1_IRQHandler ; 44:TIMER1 u
                                                            pdate, trigger and 
                                                            commutation, dec in
                                                            terrupt
  119 000004B4 00000000        DCD              TIMER19_BRK_UP_TRG_CMT_IRQHandl
er 
                                                            ; 45:TIMER19 Break 
                                                            Update Trigger and 
                                                            Commutation
  120 000004B8 00000000        DCD              JDC_IRQHandler ; 46:JDC interru



ARM Macro Assembler    Page 10 


                                                            pt to host
  121 000004BC 00000000        DCD              I2C0_EV_IRQHandler ; 47:I2C0 Ev
                                                            ent interrupt
  122 000004C0 00000000        DCD              I2C0_ER_IRQHandler ; 48:I2C0 Er
                                                            ror interrupt
  123 000004C4 00000000        DCD              I2C1_EV_IRQHandler ; 49:I2C1 Ev
                                                            ent interrupt
  124 000004C8 00000000        DCD              I2C1_ER_IRQHandler ; 50:I2C1 Er
                                                            ror interrupt
  125 000004CC 00000000        DCD              SPI0_IRQHandler ; 51:SPI0 globa
                                                            l interrupt
  126 000004D0 00000000        DCD              SPI1_IRQHandler ; 52:SPI1 globa
                                                            l interrupt
  127 000004D4 00000000        DCD              0           ; 53:Reserved
  128 000004D8 00000000        DCD              0           ; 54:Reserved
  129 000004DC 00000000        DCD              0           ; 55:Reserved
  130 000004E0 00000000        DCD              EXTI10_15_IRQHandler ; 56:EXTI 
                                                            Line10-15 interrupt
                                                            
  131 000004E4 00000000        DCD              EXTI5_9_IRQHandler ; 57:EXTI Li
                                                            ne5-9 interrupt
  132 000004E8 00000000        DCD              TAMPER_IRQHandler ; 58:BKP Tamp
                                                            er interrupt
  133 000004EC 00000000        DCD              TIMER20_BRK_UP_TRG_CMT_IRQHandl
er 
                                                            ; 59:TIMER20 Break,
                                                             update, trigger an
                                                            d commutation, dec 
                                                            interrupt
  134 000004F0 00000000        DCD              EXTI42_101_IRQHandler ; 60:EXTI
                                                             Line42-101 interru
                                                            pts
  135 000004F4 00000000        DCD              TIMER7_BRK_UP_TRG_CMT_IRQHandle
r 
                                                            ; 61:TIMER7 Break, 
                                                            update, trigger and
                                                             commutation, dec i
                                                            nterrupt
  136 000004F8 00000000        DCD              PLL_LOL_DES_RESET_IRQHandler ; 
                                                            62:PLL LOL system r
                                                            eset interrupt
  137 000004FC 00000000        DCD              DMAMUX_OVR_IRQHandler ; 63:DMAM
                                                            UX overrun interrup
                                                            t
  138 00000500 00000000        DCD              FPU_WAB_IRQHandler ; 64:CPU FPU
                                                             interrupt or Write
                                                             abort interrupt
  139 00000504 00000000        DCD              CMP0_EXTI_IRQHandler ; 65:CMP0 
                                                            through EXTI Line d
                                                            etection interrupt
  140 00000508 00000000        DCD              CMP1_EXTI_IRQHandler ; 66:CMP1 
                                                            through EXTI Line d
                                                            etection interrupt
  141 0000050C 00000000        DCD              FMU_INIT_IRQHandler ; 67:FMU in
                                                            itializing timeout 
                                                            interrupt
  142 00000510 00000000        DCD              ADC1_IRQHandler 
                                                            ; 68:ADC1 interrupt
                                                            



ARM Macro Assembler    Page 11 


  143 00000514 00000000        DCD              0           ; 69:Reserved
  144 00000518 00000000        DCD              DAC0_IRQHandler ; 70:DAC0 globa
                                                            l interrupt
  145 0000051C 00000000        DCD              STCM_IRQHandler ; 71:STCM illeg
                                                            al triggered during
                                                             running state
  146 00000520 00000000        DCD              DMA1_Channel0_IRQHandler ; 72:D
                                                            MA1 Channel0 global
                                                             interrupt
  147 00000524 00000000        DCD              DMA1_Channel1_IRQHandler ; 73:D
                                                            MA1 Channel1 global
                                                             interrupt
  148 00000528 00000000        DCD              DMA1_Channel2_IRQHandler ; 74:D
                                                            MA1 Channel2 global
                                                             interrupt
  149 0000052C 00000000        DCD              DMA1_Channel3_IRQHandler ; 75:D
                                                            MA1 Channel3 global
                                                             interrupt
  150 00000530 00000000        DCD              DMA1_Channel4_IRQHandler ; 76:D
                                                            MA1 Channel4 global
                                                             interrupt
  151 00000534 00000000        DCD              0           ; 77:Reserved
  152 00000538 00000000        DCD              DTM_CAN1_INT0_IRQHandler ; 78:D
                                                            TM_CAN1 Interrupt0
  153 0000053C 00000000        DCD              DTM_CAN1_INT1_IRQHandler ; 79:D
                                                            TM_CAN1 Interrupt1
  154 00000540 00000000        DCD              DTM_CAN1_DMU_IRQHandler ; 80:DT
                                                            M_CAN1 DMU interrup
                                                            t
  155 00000544 00000000        DCD              CTI0_IRQHandler ; 81:CTI interr
                                                            upt 0
  156 00000548 00000000        DCD              CTI1_IRQHandler ; 81:CTI interr
                                                            upt 1
  157 0000054C 00000000        DCD              CAN0_ECCERR_IRQHandler ; 83:CAN
                                                            0 ECC error interru
                                                            pt
  158 00000550 00000000        DCD              CAN1_ECCERR_IRQHandler ; 84:CAN
                                                            1 ECC error interru
                                                            pt
  159 00000554 00000000        DCD              CAN2_ECCERR_IRQHandler ; 85:CAN
                                                            2 ECC error interru
                                                            pt
  160 00000558 00000000        DCD              0           ; 86:Reserved
  161 0000055C 00000000        DCD              CMP0_IRQHandler ; 87:CMP0 globa
                                                            l interrupt
  162 00000560 00000000        DCD              CMP1_IRQHandler ; 88:CMP1 globa
                                                            l interrupt
  163 00000564 00000000        DCD              0           ; 89:Reserved
  164 00000568 00000000        DCD              0           ; 90:Reserved
  165 0000056C 00000000        DCD              0           ; 91:Reserved
  166 00000570 00000000        DCD              0           ; 92:Reserved
  167 00000574 00000000        DCD              0           ; 93:Reserved
  168 00000578 00000000        DCD              DAC1_IRQHandler ; 94:DAC1 globa
                                                            l interrupt
  169 0000057C 00000000        DCD              HSM_COM0_IRQHandler ; 95:HSM co
                                                            mmunication interru
                                                            pt 0
  170 00000580 00000000        DCD              HSM_COM1_IRQHandler ; 96:HSM co
                                                            mmunication interru



ARM Macro Assembler    Page 12 


                                                            pt 1
  171 00000584 00000000        DCD              FMU_CAT_IRQHandler ; 97:FMU cat
                                                            ion state interrupt
                                                            
  172 00000588 00000000        DCD              RCTL_IRQHandler 
                                                            ; 98:RCTL interrupt
                                                            
  173 0000058C 00000000        DCD              0           ; 99:Reserved
  174 00000590 00000000        DCD              SPI2_IRQHandler ; 100:SPI2 glob
                                                            al interrupt
  175 00000594 00000000        DCD              SPI3_IRQHandler ; 101:SPI3 glob
                                                            al interrupt
  176 00000598 00000000        DCD              SPI4_IRQHandler ; 102:SPI4 glob
                                                            al interrupt
  177 0000059C 00000000        DCD              SPI5_IRQHandler ; 103:SPI5 glob
                                                            al interrupt
  178 000005A0 00000000        DCD              0           ; 104:Reserved
  179 000005A4 00000000        DCD              0           ; 105:Reserved
  180 000005A8 00000000        DCD              QSPI_IRQHandler ; 106:QSPI glob
                                                            al interrupt
  181 000005AC 00000000        DCD              0           ; 107:Reserved
  182 000005B0 00000000        DCD              0           ; 108:Reserved
  183 000005B4 00000000        DCD              0           ; 109:Reserved
  184 000005B8 00000000        DCD              DTM_CAN2_DMU_IRQHandler ; 110:D
                                                            TM_CAN2_DMU interru
                                                            pt
  185 000005BC 00000000        DCD              DTM_CAN3_DMU_IRQHandler ; 111:D
                                                            TM_CAN3_DMU interru
                                                            pt
  186 000005C0 00000000        DCD              DTM_CAN4_DMU_IRQHandler ; 112:D
                                                            TM_CAN4_DMU interru
                                                            pt
  187 000005C4 00000000        DCD              DTM_CAN5_DMU_IRQHandler ; 113:D
                                                            TM_CAN5_DMU interru
                                                            pt
  188 000005C8 00000000        DCD              DTM_CAN6_DMU_IRQHandler ; 112:D
                                                            TM_CAN6_DMU interru
                                                            pt
  189 000005CC 00000000        DCD              DTM_CAN7_DMU_IRQHandler ; 113:D
                                                            TM_CAN7_DMU interru
                                                            pt
  190 000005D0 00000000        DCD              DTM_CAN2_INT0_IRQHandler ; 116:
                                                            DTM_CAN2 interrupt 
                                                            0
  191 000005D4 00000000        DCD              DTM_CAN2_INT1_IRQHandler ; 117:
                                                            DTM_CAN2 interrupt 
                                                            1
  192 000005D8 00000000        DCD              DTM_CAN3_INT0_IRQHandler ; 118:
                                                            DTM_CAN3 interrupt 
                                                            0
  193 000005DC 00000000        DCD              DTM_CAN3_INT1_IRQHandler ; 119:
                                                            DTM_CAN3 interrupt 
                                                            1
  194 000005E0 00000000        DCD              DTM_CAN4_INT0_IRQHandler ; 120:
                                                            DTM_CAN4 interrupt 
                                                            0
  195 000005E4 00000000        DCD              DTM_CAN4_INT1_IRQHandler ; 121:
                                                            DTM_CAN4 interrupt 
                                                            1



ARM Macro Assembler    Page 13 


  196 000005E8 00000000        DCD              DTM_CAN5_INT0_IRQHandler ; 122:
                                                            DTM_CAN5 interrupt 
                                                            0
  197 000005EC 00000000        DCD              DTM_CAN5_INT1_IRQHandler ; 123:
                                                            DTM_CAN5 interrupt 
                                                            1
  198 000005F0 00000000        DCD              DTM_CAN6_INT0_IRQHandler ; 124:
                                                            DTM_CAN6 interrupt 
                                                            0
  199 000005F4 00000000        DCD              DTM_CAN6_INT1_IRQHandler ; 125:
                                                            DTM_CAN6 interrupt 
                                                            1
  200 000005F8 00000000        DCD              DTM_CAN7_INT0_IRQHandler ; 126:
                                                            DTM_CAN7 interrupt 
                                                            0
  201 000005FC 00000000        DCD              DTM_CAN7_INT1_IRQHandler ; 127:
                                                            DTM_CAN7 interrupt 
                                                            1
  202 00000600 00000000        DCD              TIMER19_CC0_CC0N_IRQHandler ; 1
                                                            28:TIMER19 capture 
                                                            compare CH0 and MCH
                                                            0 interrupt
  203 00000604 00000000        DCD              TIMER19_CC1_CC1N_IRQHandler ; 1
                                                            29:TIMER19 capture 
                                                            compare CH1 and MCH
                                                            1 interrupt
  204 00000608 00000000        DCD              TIMER19_CC2_CC2N_IRQHandler ; 1
                                                            30:TIMER19 capture 
                                                            compare CH2 and MCH
                                                            2 interrupt
  205 0000060C 00000000        DCD              TIMER19_CC3_CC3N_IRQHandler ; 1
                                                            31:TIMER19 capture 
                                                            compare CH3 and MCH
                                                            3 interrupt
  206 00000610 00000000        DCD              TIMER20_CC0_CC0N_IRQHandler ; 1
                                                            32:TIMER20 capture 
                                                            compare CH0 and MCH
                                                            0 interrupt
  207 00000614 00000000        DCD              TIMER20_CC1_CC1N_IRQHandler ; 1
                                                            33:TIMER20 capture 
                                                            compare CH1 and MCH
                                                            1 interrupt
  208 00000618 00000000        DCD              TIMER20_CC2_CC2N_IRQHandler ; 1
                                                            34:TIMER20 capture 
                                                            compare CH2 and MCH
                                                            2 interrupt
  209 0000061C 00000000        DCD              TIMER20_CC3_CC3N_IRQHandler ; 1
                                                            35:TIMER20 capture 
                                                            compare CH3 and MCH
                                                            3 interrupt
  210 00000620 00000000        DCD              TIMER60_CC0_CC0N_IRQHandler ; 1
                                                            36:TIMER60 capture 
                                                            compare CH0 and MCH
                                                            0 interrupt
  211 00000624 00000000        DCD              TIMER60_CC1_CC1N_IRQHandler ; 1
                                                            37:TIMER60 capture 
                                                            compare CH1 and MCH
                                                            1 interrupt
  212 00000628 00000000        DCD              TIMER60_CC2_CC2N_IRQHandler ; 1



ARM Macro Assembler    Page 14 


                                                            38:TIMER60 capture 
                                                            compare CH2 and MCH
                                                            2 interrupt
  213 0000062C 00000000        DCD              TIMER60_CC3_CC3N_IRQHandler ; 1
                                                            39:TIMER60 capture 
                                                            compare CH3 and MCH
                                                            3 interrupt
  214 00000630 00000000        DCD              TIMER61_CC0_CC0N_IRQHandler ; 1
                                                            40:TIMER61 capture 
                                                            compare CH0 and MCH
                                                            0 interrupt
  215 00000634 00000000        DCD              TIMER61_CC1_CC1N_IRQHandler ; 1
                                                            41:TIMER61 capture 
                                                            compare CH1 and MCH
                                                            1 interrupt
  216 00000638 00000000        DCD              TIMER61_CC2_CC2N_IRQHandler ; 1
                                                            42:TIMER61 capture 
                                                            compare CH2 and MCH
                                                            2 interrupt
  217 0000063C 00000000        DCD              TIMER61_CC3_CC3N_IRQHandler ; 1
                                                            43:TIMER61 capture 
                                                            compare CH3 and MCH
                                                            3 interrupt
  218 00000640 00000000        DCD              TIMER62_CC0_CC0N_IRQHandler ; 1
                                                            44:TIMER62 capture 
                                                            compare CH0 and MCH
                                                            0 interrupt
  219 00000644 00000000        DCD              TIMER62_CC1_CC1N_IRQHandler ; 1
                                                            45:TIMER62 capture 
                                                            compare CH1 and MCH
                                                            1 interrupt
  220 00000648 00000000        DCD              TIMER62_CC2_CC2N_IRQHandler ; 1
                                                            46:TIMER62 capture 
                                                            compare CH2 and MCH
                                                            2 interrupt
  221 0000064C 00000000        DCD              TIMER62_CC3_CC3N_IRQHandler ; 1
                                                            47:TIMER62 capture 
                                                            compare CH3 and MCH
                                                            3 interrupt
  222 00000650 00000000        DCD              TIMER63_CC0_CC0N_IRQHandler ; 1
                                                            48:TIMER63 capture 
                                                            compare CH0 and MCH
                                                            0 interrupt
  223 00000654 00000000        DCD              TIMER63_CC1_CC1N_IRQHandler ; 1
                                                            49:TIMER63 capture 
                                                            compare CH1 and MCH
                                                            1 interrupt
  224 00000658 00000000        DCD              TIMER63_CC2_CC2N_IRQHandler ; 1
                                                            50:TIMER63 capture 
                                                            compare CH2 and MCH
                                                            2 interrupt
  225 0000065C 00000000        DCD              TIMER63_CC3_CC3N_IRQHandler ; 1
                                                            51:TIMER63 capture 
                                                            compare CH3 and MCH
                                                            3 interrupt
  226 00000660 00000000        DCD              DMA0_Channel7_IRQHandler ; 152:
                                                            DMA0 Channel 7 glob
                                                            al interrupt
  227 00000664 00000000        DCD              0           ; 153:Reserved



ARM Macro Assembler    Page 15 


  228 00000668 00000000        DCD              0           ; 154:Reserved
  229 0000066C 00000000        DCD              0           ; 155:Reserved
  230 00000670 00000000        DCD              0           ; 156:Reserved
  231 00000674 00000000        DCD              0           ; 157:Reserved
  232 00000678 00000000        DCD              0           ; 158:Reserved
  233 0000067C 00000000        DCD              0           ; 159:Reserved
  234 00000680 00000000        DCD              0           ; 160:Reserved
  235 00000684 00000000        DCD              DMA1_Channel5_IRQHandler ; 161:
                                                            DMA1 Channel5 globa
                                                            l interrupt
  236 00000688 00000000        DCD              DMA1_Channel6_IRQHandler ; 162:
                                                            DMA1 Channel6 globa
                                                            l interrupt
  237 0000068C 00000000        DCD              DMA1_Channel7_IRQHandler ; 163:
                                                            DMA1 Channel7 globa
                                                            l interrupt
  238 00000690 00000000        DCD              0           ; 164:Reserved
  239 00000694 00000000        DCD              0           ; 165:Reserved
  240 00000698 00000000        DCD              0           ; 166:Reserved
  241 0000069C 00000000        DCD              0           ; 167:Reserved
  242 000006A0 00000000        DCD              0           ; 168:Reserved
  243 000006A4 00000000        DCD              0           ; 169:Reserved
  244 000006A8 00000000        DCD              0           ; 170:Reserved
  245 000006AC 00000000        DCD              0           ; 171:Reserved
  246 000006B0 00000000        DCD              0           ; 172:Reserved
  247 000006B4 00000000        DCD              0           ; 173:Reserved
  248 000006B8 00000000        DCD              0           ; 174:Reserved
  249 000006BC 00000000        DCD              0           ; 175:Reserved
  250 000006C0 00000000        DCD              0           ; 176:Reserved
  251 000006C4 00000000        DCD              0           ; 177:Reserved
  252 000006C8 00000000        DCD              LINFlexD0_IRQHandler ; 178:LINF
                                                            lexD0 Interrupt
  253 000006CC 00000000        DCD              LINFlexD1_IRQHandler ; 179:LINF
                                                            lexD1 Interrupt
  254 000006D0 00000000        DCD              LINFlexD2_IRQHandler ; 180:LINF
                                                            lexD2 Interrupt
  255 000006D4 00000000        DCD              LINFlexD3_IRQHandler ; 181:LINF
                                                            lexD3 Interrupt
  256 000006D8 00000000        DCD              LINFlexD4_IRQHandler ; 182:LINF
                                                            lexD4 Interrupt
  257 000006DC 00000000        DCD              LINFlexD5_IRQHandler ; 183:LINF
                                                            lexD5 Interrupt
  258 000006E0 00000000        DCD              0           ; 184:Reserved
  259 000006E4 00000000        DCD              0           ; 185:Reserved
  260 000006E8 00000000        DCD              0           ; 186:Reserved
  261 000006EC 00000000        DCD              0           ; 187:Reserved
  262 000006F0 00000000        DCD              0           ; 188:Reserved
  263 000006F4 00000000        DCD              0           ; 189:Reserved
  264 000006F8 00000000        DCD              TIMER0_CC0_CC0N_IRQHandler ; 19
                                                            0:TIMER0 capture co
                                                            mpare CH0 and MCH0 
                                                            interrupt
  265 000006FC 00000000        DCD              TIMER0_CC1_CC1N_IRQHandler ; 19
                                                            1:TIMER0 capture co
                                                            mpare CH1 and MCH1 
                                                            interrupt
  266 00000700 00000000        DCD              TIMER0_CC2_CC2N_IRQHandler ; 19
                                                            2:TIMER0 capture co
                                                            mpare CH2 and MCH2 



ARM Macro Assembler    Page 16 


                                                            interrupt
  267 00000704 00000000        DCD              TIMER0_CC3_CC3N_IRQHandler ; 19
                                                            3:TIMER0 capture co
                                                            mpare CH3 and MCH3 
                                                            interrupt
  268 00000708 00000000        DCD              TIMER7_CC0_CC0N_IRQHandler ; 19
                                                            4:TIMER7 capture co
                                                            mpare CH0 and MCH0 
                                                            interrupt
  269 0000070C 00000000        DCD              TIMER7_CC1_CC1N_IRQHandler ; 19
                                                            5:TIMER7 capture co
                                                            mpare CH1 and MCH1 
                                                            interrupt
  270 00000710 00000000        DCD              TIMER7_CC2_CC2N_IRQHandler ; 19
                                                            6:TIMER7 capture co
                                                            mpare CH2 and MCH2 
                                                            interrupt
  271 00000714 00000000        DCD              TIMER7_CC3_CC3N_IRQHandler ; 19
                                                            7:TIMER7 capture co
                                                            mpare CH3 and MCH3 
                                                            interrupt
  272 00000718 00000000        DCD              TIMER1_CC0_IRQHandler ; 198:TIM
                                                            ER1 capture compare
                                                             CH0 interrupt
  273 0000071C 00000000        DCD              TIMER1_CC1_IRQHandler ; 199:TIM
                                                            ER1 capture compare
                                                             CH1 interrupt
  274 00000720 00000000        DCD              TIMER1_CC2_IRQHandler ; 200:TIM
                                                            ER1 capture compare
                                                             CH2 interrupt
  275 00000724 00000000        DCD              TIMER1_CC3_IRQHandler ; 201:TIM
                                                            ER1 capture compare
                                                             CH3 interrupt
  276 00000728 00000000        DCD              TIMER2_CC0_IRQHandler ; 202:TIM
                                                            ER2 capture compare
                                                             CH0 interrupt
  277 0000072C 00000000        DCD              TIMER2_CC1_IRQHandler ; 203:TIM
                                                            ER2 capture compare
                                                             CH1 interrupt
  278 00000730 00000000        DCD              TIMER2_CC2_IRQHandler ; 204:TIM
                                                            ER2 capture compare
                                                             CH2 interrupt
  279 00000734 00000000        DCD              TIMER2_CC3_IRQHandler ; 205:TIM
                                                            ER2 capture compare
                                                             CH3 interrupt
  280 00000738 00000000        DCD              FWDGT_IRQHandler ; 206:FWDGT re
                                                            set interrupt throu
                                                            gh EXTI Line detect
                                                            ion interrupt
  281 0000073C 00000000        DCD              0           ; 207:Reserved
  282 00000740 00000000        DCD              0           ; 208:Reserved
  283 00000744 00000000        DCD              0           ; 209:Reserved
  284 00000748 00000000        DCD              0           ; 210:Reserved
  285 0000074C 00000000        DCD              0           ; 211:Reserved
  286 00000750 00000000        DCD              RCU_CK_FAIL_IRQHandler ; 212:RC
                                                            U clock fail interr
                                                            upt
  287 00000754 00000000        DCD              0           ; 213:Reserved
  288 00000758 00000000        DCD              0           ; 214:Reserved



ARM Macro Assembler    Page 17 


  289 0000075C 00000000        DCD              0           ; 215:Reserved
  290 00000760 00000000        DCD              0           ; 216:Reserved
  291 00000764 00000000        DCD              0           ; 217:Reserved
  292 00000768 00000000        DCD              0           ; 218:Reserved
  293 0000076C 00000000        DCD              0           ; 219:Reserved
  294 00000770 00000000        DCD              0           ; 220:Reserved
  295 00000774 00000000        DCD              0           ; 221:Reserved
  296 00000778 00000000        DCD              0           ; 222:Reserved
  297 0000077C 00000000        DCD              0           ; 223:Reserved
  298 00000780 00000000        DCD              0           ; 224:Reserved
  299 00000784 00000000        DCD              0           ; 225:Reserved
  300 00000788 00000000        DCD              TIMER60_BRK_UP_TRG_CMT_IRQHandl
er 
                                                            ; 226:TIMER60 Break
                                                            , update, trigger a
                                                            nd commutation, dec
                                                             interrupt
  301 0000078C 00000000        DCD              TIMER61_BRK_UP_TRG_CMT_IRQHandl
er 
                                                            ; 227:TIMER61 Break
                                                            , update, trigger a
                                                            nd commutation, dec
                                                             interrupt
  302 00000790 00000000        DCD              TIMER62_BRK_UP_TRG_CMT_IRQHandl
er 
                                                            ; 228:TIMER62 Break
                                                            , update, trigger a
                                                            nd commutation, dec
                                                             interrupt
  303 00000794 00000000        DCD              TIMER63_BRK_UP_TRG_CMT_IRQHandl
er 
                                                            ; 229:TIMER63 Break
                                                            , update, trigger a
                                                            nd commutation, dec
                                                             interrupt
  304 00000798 00000000        DCD              TIMER5_CH0_UP_IRQHandler ; 230:
                                                            TIMER5 channel 0 up
                                                            date interrupt
  305 0000079C 00000000        DCD              TIMER5_CH1_UP_IRQHandler ; 231:
                                                            TIMER5 channel 1 up
                                                            date interrupt
  306 000007A0 00000000        DCD              TIMER5_CH2_UP_IRQHandler ; 232:
                                                            TIMER5 channel 2 up
                                                            date interrupt
  307 000007A4 00000000        DCD              TIMER5_CH3_UP_IRQHandler ; 233:
                                                            TIMER5 channel 3 up
                                                            date interrupt
  308 000007A8 00000000        DCD              TIMER6_CH0_UP_IRQHandler ; 234:
                                                            TIMER6 channel 0 up
                                                            date interrupt
  309 000007AC 00000000        DCD              TIMER6_CH1_UP_IRQHandler ; 235:
                                                            TIMER6 channel 1 up
                                                            date interrupt
  310 000007B0 00000000        DCD              TIMER6_CH2_UP_IRQHandler ; 236:
                                                            TIMER6 channel 2 up
                                                            date interrupt
  311 000007B4 00000000        DCD              TIMER6_CH3_UP_IRQHandler ; 237:
                                                            TIMER6 channel 3 up
                                                            date interrupt



ARM Macro Assembler    Page 18 


  312 000007B8 00000000        DCD              0           ; 238:Reserved
  313 000007BC 00000000        DCD              0           ; 239:Reserved
  314 000007C0 00000000        DCD              0           ; 240:Reserved
  315 000007C4 00000000        DCD              0           ; 241:Reserved
  316 000007C8 00000000        DCD              0           ; 242:Reserved
  317 000007CC 00000000        DCD              0           ; 243:Reserved
  318 000007D0 00000000        DCD              0           ; 244:Reserved
  319 000007D4 00000000        DCD              0           ; 245:Reserved
  320 000007D8 00000000        DCD              0           ; 246:Reserved
  321 000007DC 00000000        DCD              0           ; 247:Reserved
  322 000007E0 00000000        DCD              0           ; 248:Reserved
  323 000007E4 00000000        DCD              0           ; 249:Reserved
  324 000007E8 00000000        DCD              0           ; 250:Reserved
  325 000007EC 00000000        DCD              0           ; 251:Reserved
  326 000007F0 00000000        DCD              0           ; 252:Reserved
  327 000007F4 00000000        DCD              0           ; 253:Reserved
  328 000007F8 00000000        DCD              0           ; 254:Reserved
  329 000007FC 00000000        DCD              0           ; 255:Reserved
  330 00000800         __Vectors_End
  331 00000800         
  332 00000800 00000400 
                       __Vectors_Size
                               EQU              __Vectors_End - __Vectors
  333 00000800         
  334 00000800                 AREA             |.text|, CODE, READONLY
  335 00000000         
  336 00000000         ;/* reset Handler */
  337 00000000         Reset_Handler
                               PROC
  338 00000000                 EXPORT           Reset_Handler                  
   [WEAK]
  339 00000000                 IMPORT           |Image$$RW_IRAM1$$RW$$Base|
  340 00000000         
  341 00000000         ;If the actual size of SRAM used exceeds 32K, users need
                        to modify the size to be greater than or equal to the a
                       ctual size in use.
  342 00000000 4815            LDR              R0, =|Image$$RW_IRAM1$$RW$$Base
|
  343 00000002 F500 4100       ADD              R1, R0, #0x8000 ;Default SRAM s
                                                            ize 32K
  344 00000006 F04F 0200       LDR              R2, =0x0
  345 0000000A E8E0 2202 
                       SRAM_INIT
                               STRD             R2, R2, [ R0 ] , #8
  346 0000000E 4288            CMP              R0, R1
  347 00000010 D1FB            BNE              SRAM_INIT
  348 00000012         
  349 00000012         ;If the actual size of ITCMSRAM used exceeds 32K, users 
                       need to modify the size to be greater than or equal to t
                       he actual size in use.
  350 00000012 F04F 0000       LDR              R0, =0x00000000
  351 00000016 F500 4100       ADD              R1, R0, #0x8000 ;Default ITCMSR
                                                            AM size 32K
  352 0000001A F04F 0200       LDR              R2, =0x0
  353 0000001E E8E0 2202 
                       ITCMSRAM_INIT
                               STRD             R2, R2, [ R0 ] , #8
  354 00000022 4288            CMP              R0, R1
  355 00000024 D1FB            BNE              ITCMSRAM_INIT



ARM Macro Assembler    Page 19 


  356 00000026         
  357 00000026         ;If the actual size of DTCMSRAM used exceeds 32K, users 
                       need to modify the size to be greater than or equal to t
                       he actual size in use.
  358 00000026 F04F 5000       LDR              R0, =0x20000000
  359 0000002A F500 4100       ADD              R1, R0, #0x8000 ;Default DTCMSR
                                                            AM size 32K
  360 0000002E F04F 0200       LDR              R2, =0x0
  361 00000032 E8E0 2202 
                       DTCMSRAM_INIT
                               STRD             R2, R2, [ R0 ] , #8
  362 00000036 4288            CMP              R0, R1
  363 00000038 D1FB            BNE              DTCMSRAM_INIT
  364 0000003A         
  365 0000003A                 IMPORT           SystemInit
  366 0000003A                 IMPORT           __main
  367 0000003A 4808            LDR              R0, =SystemInit
  368 0000003C 4780            BLX              R0
  369 0000003E 4808            LDR              R0, =__main
  370 00000040 4700            BX               R0
  371 00000042                 ENDP
  372 00000042         
  373 00000042         ;/* dummy Exception Handlers */
  374 00000042         NMI_Handler
                               PROC
  375 00000042                 EXPORT           NMI_Handler                    
   [WEAK]
  376 00000042 E7FE            B                .
  377 00000044                 ENDP
  379 00000044         HardFault_Handler
                               PROC
  380 00000044                 EXPORT           HardFault_Handler              
   [WEAK]
  381 00000044 E7FE            B                .
  382 00000046                 ENDP
  384 00000046         MemManage_Handler
                               PROC
  385 00000046                 EXPORT           MemManage_Handler              
   [WEAK]
  386 00000046 E7FE            B                .
  387 00000048                 ENDP
  389 00000048         BusFault_Handler
                               PROC
  390 00000048                 EXPORT           BusFault_Handler               
   [WEAK]
  391 00000048 E7FE            B                .
  392 0000004A                 ENDP
  394 0000004A         UsageFault_Handler
                               PROC
  395 0000004A                 EXPORT           UsageFault_Handler             
   [WEAK]
  396 0000004A E7FE            B                .
  397 0000004C                 ENDP
  398 0000004C         SVC_Handler
                               PROC
  399 0000004C                 EXPORT           SVC_Handler                    
   [WEAK]
  400 0000004C E7FE            B                .
  401 0000004E                 ENDP



ARM Macro Assembler    Page 20 


  403 0000004E         DebugMon_Handler
                               PROC
  404 0000004E                 EXPORT           DebugMon_Handler               
   [WEAK]
  405 0000004E E7FE            B                .
  406 00000050                 ENDP
  408 00000050         PendSV_Handler
                               PROC
  409 00000050                 EXPORT           PendSV_Handler                 
   [WEAK]
  410 00000050 E7FE            B                .
  411 00000052                 ENDP
  413 00000052         SysTick_Handler
                               PROC
  414 00000052                 EXPORT           SysTick_Handler                
   [WEAK]
  415 00000052 E7FE            B                .
  416 00000054                 ENDP
  417 00000054         
  418 00000054         Default_Handler
                               PROC
  419 00000054         ;               /* external interrupts handler */
  420 00000054                 EXPORT           WWDGT0_IRQHandler              
      [WEAK]
  421 00000054                 EXPORT           HVD_LVD_IRQHandler             
      [WEAK]
  422 00000054                 EXPORT           RTC_Alarm_IRQHandler           
      [WEAK]
  423 00000054                 EXPORT           RTC_IRQHandler                 
      [WEAK]
  424 00000054                 EXPORT           FMC_IRQHandler                 
      [WEAK]
  425 00000054                 EXPORT           RCU_IRQHandler                 
      [WEAK]
  426 00000054                 EXPORT           EXTI0_IRQHandler               
      [WEAK]
  427 00000054                 EXPORT           EXTI1_IRQHandler               
      [WEAK]
  428 00000054                 EXPORT           EXTI2_IRQHandler               
      [WEAK]
  429 00000054                 EXPORT           EXTI3_IRQHandler               
      [WEAK]
  430 00000054                 EXPORT           EXTI4_IRQHandler               
      [WEAK]
  431 00000054                 EXPORT           DMA0_Channel0_IRQHandler       
      [WEAK]
  432 00000054                 EXPORT           DMA0_Channel1_IRQHandler       
      [WEAK]
  433 00000054                 EXPORT           DMA0_Channel2_IRQHandler       
      [WEAK]
  434 00000054                 EXPORT           DMA0_Channel3_IRQHandler       
      [WEAK]
  435 00000054                 EXPORT           DMA0_Channel4_IRQHandler       
      [WEAK]
  436 00000054                 EXPORT           DMA0_Channel5_IRQHandler       
      [WEAK]
  437 00000054                 EXPORT           DMA0_Channel6_IRQHandler       
      [WEAK]
  438 00000054                 EXPORT           ADC0_IRQHandler                



ARM Macro Assembler    Page 21 


      [WEAK]
  439 00000054                 EXPORT           DTM_CAN0_INT0_IRQHandler       
      [WEAK]
  440 00000054                 EXPORT           DTM_CAN0_INT1_IRQHandler       
      [WEAK]
  441 00000054                 EXPORT           DTM_CAN0_DMU_IRQHandler        
      [WEAK]
  442 00000054                 EXPORT           TIMER0_BRK_UP_TRG_CMT_IRQHandle
r     [WEAK]
  443 00000054                 EXPORT           TIMER2_IRQHandler              
      [WEAK]
  444 00000054                 EXPORT           TIMER1_IRQHandler              
      [WEAK]
  445 00000054                 EXPORT           TIMER19_BRK_UP_TRG_CMT_IRQHandl
er    [WEAK]
  446 00000054                 EXPORT           JDC_IRQHandler                 
      [WEAK]
  447 00000054                 EXPORT           I2C0_EV_IRQHandler             
      [WEAK]
  448 00000054                 EXPORT           I2C0_ER_IRQHandler             
      [WEAK]
  449 00000054                 EXPORT           I2C1_EV_IRQHandler             
      [WEAK]
  450 00000054                 EXPORT           I2C1_ER_IRQHandler             
      [WEAK]
  451 00000054                 EXPORT           SPI0_IRQHandler                
      [WEAK]
  452 00000054                 EXPORT           SPI1_IRQHandler                
      [WEAK]
  453 00000054                 EXPORT           EXTI10_15_IRQHandler           
      [WEAK]
  454 00000054                 EXPORT           EXTI5_9_IRQHandler             
      [WEAK]
  455 00000054                 EXPORT           TAMPER_IRQHandler              
      [WEAK]
  456 00000054                 EXPORT           TIMER20_BRK_UP_TRG_CMT_IRQHandl
er    [WEAK]
  457 00000054                 EXPORT           EXTI42_101_IRQHandler          
      [WEAK]
  458 00000054                 EXPORT           TIMER7_BRK_UP_TRG_CMT_IRQHandle
r     [WEAK]
  459 00000054                 EXPORT           PLL_LOL_DES_RESET_IRQHandler   
      [WEAK]
  460 00000054                 EXPORT           DMAMUX_OVR_IRQHandler          
      [WEAK]
  461 00000054                 EXPORT           FPU_WAB_IRQHandler             
      [WEAK]
  462 00000054                 EXPORT           CMP0_EXTI_IRQHandler           
      [WEAK]
  463 00000054                 EXPORT           CMP1_EXTI_IRQHandler           
      [WEAK]
  464 00000054                 EXPORT           FMU_INIT_IRQHandler            
      [WEAK]
  465 00000054                 EXPORT           ADC1_IRQHandler                
      [WEAK]
  466 00000054                 EXPORT           DAC0_IRQHandler                
      [WEAK]
  467 00000054                 EXPORT           STCM_IRQHandler                
      [WEAK]



ARM Macro Assembler    Page 22 


  468 00000054                 EXPORT           DMA1_Channel0_IRQHandler       
      [WEAK]
  469 00000054                 EXPORT           DMA1_Channel1_IRQHandler       
      [WEAK]
  470 00000054                 EXPORT           DMA1_Channel2_IRQHandler       
      [WEAK]
  471 00000054                 EXPORT           DMA1_Channel3_IRQHandler       
      [WEAK]
  472 00000054                 EXPORT           DMA1_Channel4_IRQHandler       
      [WEAK]
  473 00000054                 EXPORT           DTM_CAN1_INT0_IRQHandler       
      [WEAK]
  474 00000054                 EXPORT           DTM_CAN1_INT1_IRQHandler       
      [WEAK]
  475 00000054                 EXPORT           DTM_CAN1_DMU_IRQHandler        
      [WEAK]
  476 00000054                 EXPORT           CTI0_IRQHandler                
      [WEAK]
  477 00000054                 EXPORT           CTI1_IRQHandler                
      [WEAK]
  478 00000054                 EXPORT           CAN0_ECCERR_IRQHandler         
      [WEAK]
  479 00000054                 EXPORT           CAN1_ECCERR_IRQHandler         
      [WEAK]
  480 00000054                 EXPORT           CAN2_ECCERR_IRQHandler         
      [WEAK]
  481 00000054                 EXPORT           CMP0_IRQHandler                
      [WEAK]
  482 00000054                 EXPORT           CMP1_IRQHandler                
      [WEAK]
  483 00000054                 EXPORT           DAC1_IRQHandler                
      [WEAK]
  484 00000054                 EXPORT           HSM_COM0_IRQHandler            
      [WEAK]
  485 00000054                 EXPORT           HSM_COM1_IRQHandler            
      [WEAK]
  486 00000054                 EXPORT           FMU_CAT_IRQHandler             
      [WEAK]
  487 00000054                 EXPORT           RCTL_IRQHandler                
      [WEAK]
  488 00000054                 EXPORT           SPI2_IRQHandler                
      [WEAK]
  489 00000054                 EXPORT           SPI3_IRQHandler                
      [WEAK]
  490 00000054                 EXPORT           SPI4_IRQHandler                
      [WEAK]
  491 00000054                 EXPORT           SPI5_IRQHandler                
      [WEAK]
  492 00000054                 EXPORT           QSPI_IRQHandler                
      [WEAK]
  493 00000054                 EXPORT           DTM_CAN2_DMU_IRQHandler        
      [WEAK]
  494 00000054                 EXPORT           DTM_CAN3_DMU_IRQHandler        
      [WEAK]
  495 00000054                 EXPORT           DTM_CAN4_DMU_IRQHandler        
      [WEAK]
  496 00000054                 EXPORT           DTM_CAN5_DMU_IRQHandler        
      [WEAK]
  497 00000054                 EXPORT           DTM_CAN6_DMU_IRQHandler        



ARM Macro Assembler    Page 23 


      [WEAK]
  498 00000054                 EXPORT           DTM_CAN7_DMU_IRQHandler        
      [WEAK]
  499 00000054                 EXPORT           DTM_CAN2_INT0_IRQHandler       
      [WEAK]
  500 00000054                 EXPORT           DTM_CAN2_INT1_IRQHandler       
      [WEAK]
  501 00000054                 EXPORT           DTM_CAN3_INT0_IRQHandler       
      [WEAK]
  502 00000054                 EXPORT           DTM_CAN3_INT1_IRQHandler       
      [WEAK]
  503 00000054                 EXPORT           DTM_CAN4_INT0_IRQHandler       
      [WEAK]
  504 00000054                 EXPORT           DTM_CAN4_INT1_IRQHandler       
      [WEAK]
  505 00000054                 EXPORT           DTM_CAN5_INT0_IRQHandler       
      [WEAK]
  506 00000054                 EXPORT           DTM_CAN5_INT1_IRQHandler       
      [WEAK]
  507 00000054                 EXPORT           DTM_CAN6_INT0_IRQHandler       
      [WEAK]
  508 00000054                 EXPORT           DTM_CAN6_INT1_IRQHandler       
      [WEAK]
  509 00000054                 EXPORT           DTM_CAN7_INT0_IRQHandler       
      [WEAK]
  510 00000054                 EXPORT           DTM_CAN7_INT1_IRQHandler       
      [WEAK]
  511 00000054                 EXPORT           TIMER19_CC0_CC0N_IRQHandler    
      [WEAK]
  512 00000054                 EXPORT           TIMER19_CC1_CC1N_IRQHandler    
      [WEAK]
  513 00000054                 EXPORT           TIMER19_CC2_CC2N_IRQHandler    
      [WEAK]
  514 00000054                 EXPORT           TIMER19_CC3_CC3N_IRQHandler    
      [WEAK]
  515 00000054                 EXPORT           TIMER20_CC0_CC0N_IRQHandler    
      [WEAK]
  516 00000054                 EXPORT           TIMER20_CC1_CC1N_IRQHandler    
      [WEAK]
  517 00000054                 EXPORT           TIMER20_CC2_CC2N_IRQHandler    
      [WEAK]
  518 00000054                 EXPORT           TIMER20_CC3_CC3N_IRQHandler    
      [WEAK]
  519 00000054                 EXPORT           TIMER60_CC0_CC0N_IRQHandler    
      [WEAK]
  520 00000054                 EXPORT           TIMER60_CC1_CC1N_IRQHandler    
      [WEAK]
  521 00000054                 EXPORT           TIMER60_CC2_CC2N_IRQHandler    
      [WEAK]
  522 00000054                 EXPORT           TIMER60_CC3_CC3N_IRQHandler    
      [WEAK]
  523 00000054                 EXPORT           TIMER61_CC0_CC0N_IRQHandler    
      [WEAK]
  524 00000054                 EXPORT           TIMER61_CC1_CC1N_IRQHandler    
      [WEAK]
  525 00000054                 EXPORT           TIMER61_CC2_CC2N_IRQHandler    
      [WEAK]
  526 00000054                 EXPORT           TIMER61_CC3_CC3N_IRQHandler    
      [WEAK]



ARM Macro Assembler    Page 24 


  527 00000054                 EXPORT           TIMER62_CC0_CC0N_IRQHandler    
      [WEAK]
  528 00000054                 EXPORT           TIMER62_CC1_CC1N_IRQHandler    
      [WEAK]
  529 00000054                 EXPORT           TIMER62_CC2_CC2N_IRQHandler    
      [WEAK]
  530 00000054                 EXPORT           TIMER62_CC3_CC3N_IRQHandler    
      [WEAK]
  531 00000054                 EXPORT           TIMER63_CC0_CC0N_IRQHandler    
      [WEAK]
  532 00000054                 EXPORT           TIMER63_CC1_CC1N_IRQHandler    
      [WEAK]
  533 00000054                 EXPORT           TIMER63_CC2_CC2N_IRQHandler    
      [WEAK]
  534 00000054                 EXPORT           TIMER63_CC3_CC3N_IRQHandler    
      [WEAK]
  535 00000054                 EXPORT           DMA0_Channel7_IRQHandler       
      [WEAK]
  536 00000054                 EXPORT           DMA1_Channel5_IRQHandler       
      [WEAK]
  537 00000054                 EXPORT           DMA1_Channel6_IRQHandler       
      [WEAK]
  538 00000054                 EXPORT           DMA1_Channel7_IRQHandler       
      [WEAK]
  539 00000054                 EXPORT           LINFlexD0_IRQHandler           
      [WEAK]
  540 00000054                 EXPORT           LINFlexD1_IRQHandler           
      [WEAK]
  541 00000054                 EXPORT           LINFlexD2_IRQHandler           
      [WEAK]
  542 00000054                 EXPORT           LINFlexD3_IRQHandler           
      [WEAK]
  543 00000054                 EXPORT           LINFlexD4_IRQHandler           
      [WEAK]
  544 00000054                 EXPORT           LINFlexD5_IRQHandler           
      [WEAK]
  545 00000054                 EXPORT           TIMER0_CC0_CC0N_IRQHandler     
      [WEAK]
  546 00000054                 EXPORT           TIMER0_CC1_CC1N_IRQHandler     
      [WEAK]
  547 00000054                 EXPORT           TIMER0_CC2_CC2N_IRQHandler     
      [WEAK]
  548 00000054                 EXPORT           TIMER0_CC3_CC3N_IRQHandler     
      [WEAK]
  549 00000054                 EXPORT           TIMER7_CC0_CC0N_IRQHandler     
      [WEAK]
  550 00000054                 EXPORT           TIMER7_CC1_CC1N_IRQHandler     
      [WEAK]
  551 00000054                 EXPORT           TIMER7_CC2_CC2N_IRQHandler     
      [WEAK]
  552 00000054                 EXPORT           TIMER7_CC3_CC3N_IRQHandler     
      [WEAK]
  553 00000054                 EXPORT           TIMER1_CC0_IRQHandler          
      [WEAK]
  554 00000054                 EXPORT           TIMER1_CC1_IRQHandler          
      [WEAK]
  555 00000054                 EXPORT           TIMER1_CC2_IRQHandler          
      [WEAK]
  556 00000054                 EXPORT           TIMER1_CC3_IRQHandler          



ARM Macro Assembler    Page 25 


      [WEAK]
  557 00000054                 EXPORT           TIMER2_CC0_IRQHandler          
      [WEAK]
  558 00000054                 EXPORT           TIMER2_CC1_IRQHandler          
      [WEAK]
  559 00000054                 EXPORT           TIMER2_CC2_IRQHandler          
      [WEAK]
  560 00000054                 EXPORT           TIMER2_CC3_IRQHandler          
      [WEAK]
  561 00000054                 EXPORT           FWDGT_IRQHandler               
      [WEAK]
  562 00000054                 EXPORT           RCU_CK_FAIL_IRQHandler         
      [WEAK]
  563 00000054                 EXPORT           TIMER60_BRK_UP_TRG_CMT_IRQHandl
er    [WEAK]
  564 00000054                 EXPORT           TIMER61_BRK_UP_TRG_CMT_IRQHandl
er    [WEAK]
  565 00000054                 EXPORT           TIMER62_BRK_UP_TRG_CMT_IRQHandl
er    [WEAK]
  566 00000054                 EXPORT           TIMER63_BRK_UP_TRG_CMT_IRQHandl
er    [WEAK]
  567 00000054                 EXPORT           TIMER5_CH0_UP_IRQHandler       
      [WEAK]
  568 00000054                 EXPORT           TIMER5_CH1_UP_IRQHandler       
      [WEAK]
  569 00000054                 EXPORT           TIMER5_CH2_UP_IRQHandler       
      [WEAK]
  570 00000054                 EXPORT           TIMER5_CH3_UP_IRQHandler       
      [WEAK]
  571 00000054                 EXPORT           TIMER6_CH0_UP_IRQHandler       
      [WEAK]
  572 00000054                 EXPORT           TIMER6_CH1_UP_IRQHandler       
      [WEAK]
  573 00000054                 EXPORT           TIMER6_CH2_UP_IRQHandler       
      [WEAK]
  574 00000054                 EXPORT           TIMER6_CH3_UP_IRQHandler       
      [WEAK]
  575 00000054         ;/* external interrupts handler */
  576 00000054         WWDGT0_IRQHandler
  577 00000054         HVD_LVD_IRQHandler
  578 00000054         RTC_Alarm_IRQHandler
  579 00000054         RTC_IRQHandler
  580 00000054         FMC_IRQHandler
  581 00000054         RCU_IRQHandler
  582 00000054         EXTI0_IRQHandler
  583 00000054         EXTI1_IRQHandler
  584 00000054         EXTI2_IRQHandler
  585 00000054         EXTI3_IRQHandler
  586 00000054         EXTI4_IRQHandler
  587 00000054         DMA0_Channel0_IRQHandler
  588 00000054         DMA0_Channel1_IRQHandler
  589 00000054         DMA0_Channel2_IRQHandler
  590 00000054         DMA0_Channel3_IRQHandler
  591 00000054         DMA0_Channel4_IRQHandler
  592 00000054         DMA0_Channel5_IRQHandler
  593 00000054         DMA0_Channel6_IRQHandler
  594 00000054         ADC0_IRQHandler
  595 00000054         DTM_CAN0_INT0_IRQHandler
  596 00000054         DTM_CAN0_INT1_IRQHandler



ARM Macro Assembler    Page 26 


  597 00000054         DTM_CAN0_DMU_IRQHandler
  598 00000054         TIMER0_BRK_UP_TRG_CMT_IRQHandler
  599 00000054         TIMER2_IRQHandler
  600 00000054         TIMER1_IRQHandler
  601 00000054         TIMER19_BRK_UP_TRG_CMT_IRQHandler
  602 00000054         JDC_IRQHandler
  603 00000054         I2C0_EV_IRQHandler
  604 00000054         I2C0_ER_IRQHandler
  605 00000054         I2C1_EV_IRQHandler
  606 00000054         I2C1_ER_IRQHandler
  607 00000054         SPI0_IRQHandler
  608 00000054         SPI1_IRQHandler
  609 00000054         EXTI10_15_IRQHandler
  610 00000054         EXTI5_9_IRQHandler
  611 00000054         TAMPER_IRQHandler
  612 00000054         TIMER20_BRK_UP_TRG_CMT_IRQHandler
  613 00000054         EXTI42_101_IRQHandler
  614 00000054         TIMER7_BRK_UP_TRG_CMT_IRQHandler
  615 00000054         PLL_LOL_DES_RESET_IRQHandler
  616 00000054         DMAMUX_OVR_IRQHandler
  617 00000054         FPU_WAB_IRQHandler
  618 00000054         CMP0_EXTI_IRQHandler
  619 00000054         CMP1_EXTI_IRQHandler
  620 00000054         FMU_INIT_IRQHandler
  621 00000054         ADC1_IRQHandler
  622 00000054         DAC0_IRQHandler
  623 00000054         STCM_IRQHandler
  624 00000054         DMA1_Channel0_IRQHandler
  625 00000054         DMA1_Channel1_IRQHandler
  626 00000054         DMA1_Channel2_IRQHandler
  627 00000054         DMA1_Channel3_IRQHandler
  628 00000054         DMA1_Channel4_IRQHandler
  629 00000054         DTM_CAN1_INT0_IRQHandler
  630 00000054         DTM_CAN1_INT1_IRQHandler
  631 00000054         DTM_CAN1_DMU_IRQHandler
  632 00000054         CTI0_IRQHandler
  633 00000054         CTI1_IRQHandler
  634 00000054         CAN0_ECCERR_IRQHandler
  635 00000054         CAN1_ECCERR_IRQHandler
  636 00000054         CAN2_ECCERR_IRQHandler
  637 00000054         CMP0_IRQHandler
  638 00000054         CMP1_IRQHandler
  639 00000054         DAC1_IRQHandler
  640 00000054         HSM_COM0_IRQHandler
  641 00000054         HSM_COM1_IRQHandler
  642 00000054         FMU_CAT_IRQHandler
  643 00000054         RCTL_IRQHandler
  644 00000054         SPI2_IRQHandler
  645 00000054         SPI3_IRQHandler
  646 00000054         SPI4_IRQHandler
  647 00000054         SPI5_IRQHandler
  648 00000054         QSPI_IRQHandler
  649 00000054         DTM_CAN2_DMU_IRQHandler
  650 00000054         DTM_CAN3_DMU_IRQHandler
  651 00000054         DTM_CAN4_DMU_IRQHandler
  652 00000054         DTM_CAN5_DMU_IRQHandler
  653 00000054         DTM_CAN6_DMU_IRQHandler
  654 00000054         DTM_CAN7_DMU_IRQHandler
  655 00000054         DTM_CAN2_INT0_IRQHandler



ARM Macro Assembler    Page 27 


  656 00000054         DTM_CAN2_INT1_IRQHandler
  657 00000054         DTM_CAN3_INT0_IRQHandler
  658 00000054         DTM_CAN3_INT1_IRQHandler
  659 00000054         DTM_CAN4_INT0_IRQHandler
  660 00000054         DTM_CAN4_INT1_IRQHandler
  661 00000054         DTM_CAN5_INT0_IRQHandler
  662 00000054         DTM_CAN5_INT1_IRQHandler
  663 00000054         DTM_CAN6_INT0_IRQHandler
  664 00000054         DTM_CAN6_INT1_IRQHandler
  665 00000054         DTM_CAN7_INT0_IRQHandler
  666 00000054         DTM_CAN7_INT1_IRQHandler
  667 00000054         TIMER19_CC0_CC0N_IRQHandler
  668 00000054         TIMER19_CC1_CC1N_IRQHandler
  669 00000054         TIMER19_CC2_CC2N_IRQHandler
  670 00000054         TIMER19_CC3_CC3N_IRQHandler
  671 00000054         TIMER20_CC0_CC0N_IRQHandler
  672 00000054         TIMER20_CC1_CC1N_IRQHandler
  673 00000054         TIMER20_CC2_CC2N_IRQHandler
  674 00000054         TIMER20_CC3_CC3N_IRQHandler
  675 00000054         TIMER60_CC0_CC0N_IRQHandler
  676 00000054         TIMER60_CC1_CC1N_IRQHandler
  677 00000054         TIMER60_CC2_CC2N_IRQHandler
  678 00000054         TIMER60_CC3_CC3N_IRQHandler
  679 00000054         TIMER61_CC0_CC0N_IRQHandler
  680 00000054         TIMER61_CC1_CC1N_IRQHandler
  681 00000054         TIMER61_CC2_CC2N_IRQHandler
  682 00000054         TIMER61_CC3_CC3N_IRQHandler
  683 00000054         TIMER62_CC0_CC0N_IRQHandler
  684 00000054         TIMER62_CC1_CC1N_IRQHandler
  685 00000054         TIMER62_CC2_CC2N_IRQHandler
  686 00000054         TIMER62_CC3_CC3N_IRQHandler
  687 00000054         TIMER63_CC0_CC0N_IRQHandler
  688 00000054         TIMER63_CC1_CC1N_IRQHandler
  689 00000054         TIMER63_CC2_CC2N_IRQHandler
  690 00000054         TIMER63_CC3_CC3N_IRQHandler
  691 00000054         DMA0_Channel7_IRQHandler
  692 00000054         DMA1_Channel5_IRQHandler
  693 00000054         DMA1_Channel6_IRQHandler
  694 00000054         DMA1_Channel7_IRQHandler
  695 00000054         LINFlexD0_IRQHandler
  696 00000054         LINFlexD1_IRQHandler
  697 00000054         LINFlexD2_IRQHandler
  698 00000054         LINFlexD3_IRQHandler
  699 00000054         LINFlexD4_IRQHandler
  700 00000054         LINFlexD5_IRQHandler
  701 00000054         TIMER0_CC0_CC0N_IRQHandler
  702 00000054         TIMER0_CC1_CC1N_IRQHandler
  703 00000054         TIMER0_CC2_CC2N_IRQHandler
  704 00000054         TIMER0_CC3_CC3N_IRQHandler
  705 00000054         TIMER7_CC0_CC0N_IRQHandler
  706 00000054         TIMER7_CC1_CC1N_IRQHandler
  707 00000054         TIMER7_CC2_CC2N_IRQHandler
  708 00000054         TIMER7_CC3_CC3N_IRQHandler
  709 00000054         TIMER1_CC0_IRQHandler
  710 00000054         TIMER1_CC1_IRQHandler
  711 00000054         TIMER1_CC2_IRQHandler
  712 00000054         TIMER1_CC3_IRQHandler
  713 00000054         TIMER2_CC0_IRQHandler
  714 00000054         TIMER2_CC1_IRQHandler



ARM Macro Assembler    Page 28 


  715 00000054         TIMER2_CC2_IRQHandler
  716 00000054         TIMER2_CC3_IRQHandler
  717 00000054         FWDGT_IRQHandler
  718 00000054         RCU_CK_FAIL_IRQHandler
  719 00000054         TIMER60_BRK_UP_TRG_CMT_IRQHandler
  720 00000054         TIMER61_BRK_UP_TRG_CMT_IRQHandler
  721 00000054         TIMER62_BRK_UP_TRG_CMT_IRQHandler
  722 00000054         TIMER63_BRK_UP_TRG_CMT_IRQHandler
  723 00000054         TIMER5_CH0_UP_IRQHandler
  724 00000054         TIMER5_CH1_UP_IRQHandler
  725 00000054         TIMER5_CH2_UP_IRQHandler
  726 00000054         TIMER5_CH3_UP_IRQHandler
  727 00000054         TIMER6_CH0_UP_IRQHandler
  728 00000054         TIMER6_CH1_UP_IRQHandler
  729 00000054         TIMER6_CH2_UP_IRQHandler
  730 00000054         TIMER6_CH3_UP_IRQHandler
  731 00000054         
  732 00000054 E7FE            B                .
  733 00000056                 ENDP
  734 00000056         
  735 00000056 00 00           ALIGN
  736 00000058         
  737 00000058         ; user Initial Stack & Heap
  738 00000058         
  739 00000058                 IF               :DEF:__MICROLIB
  740 00000058         
  741 00000058                 EXPORT           __initial_sp
  742 00000058                 EXPORT           __heap_base
  743 00000058                 EXPORT           __heap_limit
  744 00000058         
  745 00000058                 ELSE
  760                          ENDIF
  761 00000058         
  762 00000058                 END
              00000000 
              00000000 
              00000000 
Command Line: --debug --xref --diag_suppress=9931 --cpu=Cortex-M7.fp.dp --depen
d=.\objects\startup_gd32a711x_a712x.d -o.\objects\startup_gd32a711x_a712x.o -I.
\RTE\_GD32A711x_A712x_M7_0 -IC:\Users\Administrator\AppData\Local\Arm\Packs\ARM
\CMSIS\5.7.0\CMSIS\Core\Include --predefine="__MICROLIB SETA 1" --predefine="__
UVISION_VERSION SETA 534" --predefine="_RTE_ SETA 1" --predefine="_RTE_ SETA 1"
 --list=.\listings\startup_gd32a711x_a712x.lst ..\firmware\cmsis\GD\GD32A7xx\So
urce\ARM\startup_gd32a711x_a712x.s



ARM Macro Assembler    Page 1 Alphabetic symbol ordering
Relocatable symbols

STACK 00000000

Symbol: STACK
   Definitions
      At line 35 in file ..\firmware\cmsis\GD\GD32A7xx\Source\ARM\startup_gd32a
711x_a712x.s
   Uses
      None
Comment: STACK unused
Stack_Mem 00000000

Symbol: Stack_Mem
   Definitions
      At line 36 in file ..\firmware\cmsis\GD\GD32A7xx\Source\ARM\startup_gd32a
711x_a712x.s
   Uses
      None
Comment: Stack_Mem unused
__initial_sp 00001000

Symbol: __initial_sp
   Definitions
      At line 37 in file ..\firmware\cmsis\GD\GD32A7xx\Source\ARM\startup_gd32a
711x_a712x.s
   Uses
      At line 72 in file ..\firmware\cmsis\GD\GD32A7xx\Source\ARM\startup_gd32a
711x_a712x.s
      At line 741 in file ..\firmware\cmsis\GD\GD32A7xx\Source\ARM\startup_gd32
a711x_a712x.s

3 symbols



ARM Macro Assembler    Page 1 Alphabetic symbol ordering
Relocatable symbols

HEAP 00000000

Symbol: HEAP
   Definitions
      At line 46 in file ..\firmware\cmsis\GD\GD32A7xx\Source\ARM\startup_gd32a
711x_a712x.s
   Uses
      None
Comment: HEAP unused
Heap_Mem 00000000

Symbol: Heap_Mem
   Definitions
      At line 48 in file ..\firmware\cmsis\GD\GD32A7xx\Source\ARM\startup_gd32a
711x_a712x.s
   Uses
      None
Comment: Heap_Mem unused
__heap_base 00000000

Symbol: __heap_base
   Definitions
      At line 47 in file ..\firmware\cmsis\GD\GD32A7xx\Source\ARM\startup_gd32a
711x_a712x.s
   Uses
      At line 742 in file ..\firmware\cmsis\GD\GD32A7xx\Source\ARM\startup_gd32
a711x_a712x.s
Comment: __heap_base used once
__heap_limit 00000800

Symbol: __heap_limit
   Definitions
      At line 49 in file ..\firmware\cmsis\GD\GD32A7xx\Source\ARM\startup_gd32a
711x_a712x.s
   Uses
      At line 743 in file ..\firmware\cmsis\GD\GD32A7xx\Source\ARM\startup_gd32
a711x_a712x.s
Comment: __heap_limit used once
4 symbols



ARM Macro Assembler    Page 1 Alphabetic symbol ordering
Relocatable symbols

RESET 00000000

Symbol: RESET
   Definitions
      At line 55 in file ..\firmware\cmsis\GD\GD32A7xx\Source\ARM\startup_gd32a
711x_a712x.s
   Uses
      None
Comment: RESET unused
__IVT 00000000

Symbol: __IVT
   Definitions
      At line 60 in file ..\firmware\cmsis\GD\GD32A7xx\Source\ARM\startup_gd32a
711x_a712x.s
   Uses
      None
Comment: __IVT unused
__Vectors 00000400

Symbol: __Vectors
   Definitions
      At line 72 in file ..\firmware\cmsis\GD\GD32A7xx\Source\ARM\startup_gd32a
711x_a712x.s
   Uses
      At line 56 in file ..\firmware\cmsis\GD\GD32A7xx\Source\ARM\startup_gd32a
711x_a712x.s
      At line 63 in file ..\firmware\cmsis\GD\GD32A7xx\Source\ARM\startup_gd32a
711x_a712x.s
      At line 332 in file ..\firmware\cmsis\GD\GD32A7xx\Source\ARM\startup_gd32
a711x_a712x.s

__Vectors_End 00000800

Symbol: __Vectors_End
   Definitions
      At line 330 in file ..\firmware\cmsis\GD\GD32A7xx\Source\ARM\startup_gd32
a711x_a712x.s
   Uses
      At line 57 in file ..\firmware\cmsis\GD\GD32A7xx\Source\ARM\startup_gd32a
711x_a712x.s
      At line 332 in file ..\firmware\cmsis\GD\GD32A7xx\Source\ARM\startup_gd32
a711x_a712x.s

4 symbols



ARM Macro Assembler    Page 1 Alphabetic symbol ordering
Relocatable symbols

.text 00000000

Symbol: .text
   Definitions
      At line 334 in file ..\firmware\cmsis\GD\GD32A7xx\Source\ARM\startup_gd32
a711x_a712x.s
   Uses
      None
Comment: .text unused
ADC0_IRQHandler 00000054

Symbol: ADC0_IRQHandler
   Definitions
      At line 594 in file ..\firmware\cmsis\GD\GD32A7xx\Source\ARM\startup_gd32
a711x_a712x.s
   Uses
      At line 108 in file ..\firmware\cmsis\GD\GD32A7xx\Source\ARM\startup_gd32
a711x_a712x.s
      At line 438 in file ..\firmware\cmsis\GD\GD32A7xx\Source\ARM\startup_gd32
a711x_a712x.s

ADC1_IRQHandler 00000054

Symbol: ADC1_IRQHandler
   Definitions
      At line 621 in file ..\firmware\cmsis\GD\GD32A7xx\Source\ARM\startup_gd32
a711x_a712x.s
   Uses
      At line 142 in file ..\firmware\cmsis\GD\GD32A7xx\Source\ARM\startup_gd32
a711x_a712x.s
      At line 465 in file ..\firmware\cmsis\GD\GD32A7xx\Source\ARM\startup_gd32
a711x_a712x.s

BusFault_Handler 00000048

Symbol: BusFault_Handler
   Definitions
      At line 389 in file ..\firmware\cmsis\GD\GD32A7xx\Source\ARM\startup_gd32
a711x_a712x.s
   Uses
      At line 77 in file ..\firmware\cmsis\GD\GD32A7xx\Source\ARM\startup_gd32a
711x_a712x.s
      At line 390 in file ..\firmware\cmsis\GD\GD32A7xx\Source\ARM\startup_gd32
a711x_a712x.s

CAN0_ECCERR_IRQHandler 00000054

Symbol: CAN0_ECCERR_IRQHandler
   Definitions
      At line 634 in file ..\firmware\cmsis\GD\GD32A7xx\Source\ARM\startup_gd32
a711x_a712x.s
   Uses
      At line 157 in file ..\firmware\cmsis\GD\GD32A7xx\Source\ARM\startup_gd32
a711x_a712x.s
      At line 478 in file ..\firmware\cmsis\GD\GD32A7xx\Source\ARM\startup_gd32
a711x_a712x.s

CAN1_ECCERR_IRQHandler 00000054




ARM Macro Assembler    Page 2 Alphabetic symbol ordering
Relocatable symbols

Symbol: CAN1_ECCERR_IRQHandler
   Definitions
      At line 635 in file ..\firmware\cmsis\GD\GD32A7xx\Source\ARM\startup_gd32
a711x_a712x.s
   Uses
      At line 158 in file ..\firmware\cmsis\GD\GD32A7xx\Source\ARM\startup_gd32
a711x_a712x.s
      At line 479 in file ..\firmware\cmsis\GD\GD32A7xx\Source\ARM\startup_gd32
a711x_a712x.s

CAN2_ECCERR_IRQHandler 00000054

Symbol: CAN2_ECCERR_IRQHandler
   Definitions
      At line 636 in file ..\firmware\cmsis\GD\GD32A7xx\Source\ARM\startup_gd32
a711x_a712x.s
   Uses
      At line 159 in file ..\firmware\cmsis\GD\GD32A7xx\Source\ARM\startup_gd32
a711x_a712x.s
      At line 480 in file ..\firmware\cmsis\GD\GD32A7xx\Source\ARM\startup_gd32
a711x_a712x.s

CMP0_EXTI_IRQHandler 00000054

Symbol: CMP0_EXTI_IRQHandler
   Definitions
      At line 618 in file ..\firmware\cmsis\GD\GD32A7xx\Source\ARM\startup_gd32
a711x_a712x.s
   Uses
      At line 139 in file ..\firmware\cmsis\GD\GD32A7xx\Source\ARM\startup_gd32
a711x_a712x.s
      At line 462 in file ..\firmware\cmsis\GD\GD32A7xx\Source\ARM\startup_gd32
a711x_a712x.s

CMP0_IRQHandler 00000054

Symbol: CMP0_IRQHandler
   Definitions
      At line 637 in file ..\firmware\cmsis\GD\GD32A7xx\Source\ARM\startup_gd32
a711x_a712x.s
   Uses
      At line 161 in file ..\firmware\cmsis\GD\GD32A7xx\Source\ARM\startup_gd32
a711x_a712x.s
      At line 481 in file ..\firmware\cmsis\GD\GD32A7xx\Source\ARM\startup_gd32
a711x_a712x.s

CMP1_EXTI_IRQHandler 00000054

Symbol: CMP1_EXTI_IRQHandler
   Definitions
      At line 619 in file ..\firmware\cmsis\GD\GD32A7xx\Source\ARM\startup_gd32
a711x_a712x.s
   Uses
      At line 140 in file ..\firmware\cmsis\GD\GD32A7xx\Source\ARM\startup_gd32
a711x_a712x.s
      At line 463 in file ..\firmware\cmsis\GD\GD32A7xx\Source\ARM\startup_gd32
a711x_a712x.s

CMP1_IRQHandler 00000054



ARM Macro Assembler    Page 3 Alphabetic symbol ordering
Relocatable symbols


Symbol: CMP1_IRQHandler
   Definitions
      At line 638 in file ..\firmware\cmsis\GD\GD32A7xx\Source\ARM\startup_gd32
a711x_a712x.s
   Uses
      At line 162 in file ..\firmware\cmsis\GD\GD32A7xx\Source\ARM\startup_gd32
a711x_a712x.s
      At line 482 in file ..\firmware\cmsis\GD\GD32A7xx\Source\ARM\startup_gd32
a711x_a712x.s

CTI0_IRQHandler 00000054

Symbol: CTI0_IRQHandler
   Definitions
      At line 632 in file ..\firmware\cmsis\GD\GD32A7xx\Source\ARM\startup_gd32
a711x_a712x.s
   Uses
      At line 155 in file ..\firmware\cmsis\GD\GD32A7xx\Source\ARM\startup_gd32
a711x_a712x.s
      At line 476 in file ..\firmware\cmsis\GD\GD32A7xx\Source\ARM\startup_gd32
a711x_a712x.s

CTI1_IRQHandler 00000054

Symbol: CTI1_IRQHandler
   Definitions
      At line 633 in file ..\firmware\cmsis\GD\GD32A7xx\Source\ARM\startup_gd32
a711x_a712x.s
   Uses
      At line 156 in file ..\firmware\cmsis\GD\GD32A7xx\Source\ARM\startup_gd32
a711x_a712x.s
      At line 477 in file ..\firmware\cmsis\GD\GD32A7xx\Source\ARM\startup_gd32
a711x_a712x.s

DAC0_IRQHandler 00000054

Symbol: DAC0_IRQHandler
   Definitions
      At line 622 in file ..\firmware\cmsis\GD\GD32A7xx\Source\ARM\startup_gd32
a711x_a712x.s
   Uses
      At line 144 in file ..\firmware\cmsis\GD\GD32A7xx\Source\ARM\startup_gd32
a711x_a712x.s
      At line 466 in file ..\firmware\cmsis\GD\GD32A7xx\Source\ARM\startup_gd32
a711x_a712x.s

DAC1_IRQHandler 00000054

Symbol: DAC1_IRQHandler
   Definitions
      At line 639 in file ..\firmware\cmsis\GD\GD32A7xx\Source\ARM\startup_gd32
a711x_a712x.s
   Uses
      At line 168 in file ..\firmware\cmsis\GD\GD32A7xx\Source\ARM\startup_gd32
a711x_a712x.s
      At line 483 in file ..\firmware\cmsis\GD\GD32A7xx\Source\ARM\startup_gd32
a711x_a712x.s




ARM Macro Assembler    Page 4 Alphabetic symbol ordering
Relocatable symbols

DMA0_Channel0_IRQHandler 00000054

Symbol: DMA0_Channel0_IRQHandler
   Definitions
      At line 587 in file ..\firmware\cmsis\GD\GD32A7xx\Source\ARM\startup_gd32
a711x_a712x.s
   Uses
      At line 101 in file ..\firmware\cmsis\GD\GD32A7xx\Source\ARM\startup_gd32
a711x_a712x.s
      At line 431 in file ..\firmware\cmsis\GD\GD32A7xx\Source\ARM\startup_gd32
a711x_a712x.s

DMA0_Channel1_IRQHandler 00000054

Symbol: DMA0_Channel1_IRQHandler
   Definitions
      At line 588 in file ..\firmware\cmsis\GD\GD32A7xx\Source\ARM\startup_gd32
a711x_a712x.s
   Uses
      At line 102 in file ..\firmware\cmsis\GD\GD32A7xx\Source\ARM\startup_gd32
a711x_a712x.s
      At line 432 in file ..\firmware\cmsis\GD\GD32A7xx\Source\ARM\startup_gd32
a711x_a712x.s

DMA0_Channel2_IRQHandler 00000054

Symbol: DMA0_Channel2_IRQHandler
   Definitions
      At line 589 in file ..\firmware\cmsis\GD\GD32A7xx\Source\ARM\startup_gd32
a711x_a712x.s
   Uses
      At line 103 in file ..\firmware\cmsis\GD\GD32A7xx\Source\ARM\startup_gd32
a711x_a712x.s
      At line 433 in file ..\firmware\cmsis\GD\GD32A7xx\Source\ARM\startup_gd32
a711x_a712x.s

DMA0_Channel3_IRQHandler 00000054

Symbol: DMA0_Channel3_IRQHandler
   Definitions
      At line 590 in file ..\firmware\cmsis\GD\GD32A7xx\Source\ARM\startup_gd32
a711x_a712x.s
   Uses
      At line 104 in file ..\firmware\cmsis\GD\GD32A7xx\Source\ARM\startup_gd32
a711x_a712x.s
      At line 434 in file ..\firmware\cmsis\GD\GD32A7xx\Source\ARM\startup_gd32
a711x_a712x.s

DMA0_Channel4_IRQHandler 00000054

Symbol: DMA0_Channel4_IRQHandler
   Definitions
      At line 591 in file ..\firmware\cmsis\GD\GD32A7xx\Source\ARM\startup_gd32
a711x_a712x.s
   Uses
      At line 105 in file ..\firmware\cmsis\GD\GD32A7xx\Source\ARM\startup_gd32
a711x_a712x.s
      At line 435 in file ..\firmware\cmsis\GD\GD32A7xx\Source\ARM\startup_gd32
a711x_a712x.s



ARM Macro Assembler    Page 5 Alphabetic symbol ordering
Relocatable symbols


DMA0_Channel5_IRQHandler 00000054

Symbol: DMA0_Channel5_IRQHandler
   Definitions
      At line 592 in file ..\firmware\cmsis\GD\GD32A7xx\Source\ARM\startup_gd32
a711x_a712x.s
   Uses
      At line 106 in file ..\firmware\cmsis\GD\GD32A7xx\Source\ARM\startup_gd32
a711x_a712x.s
      At line 436 in file ..\firmware\cmsis\GD\GD32A7xx\Source\ARM\startup_gd32
a711x_a712x.s

DMA0_Channel6_IRQHandler 00000054

Symbol: DMA0_Channel6_IRQHandler
   Definitions
      At line 593 in file ..\firmware\cmsis\GD\GD32A7xx\Source\ARM\startup_gd32
a711x_a712x.s
   Uses
      At line 107 in file ..\firmware\cmsis\GD\GD32A7xx\Source\ARM\startup_gd32
a711x_a712x.s
      At line 437 in file ..\firmware\cmsis\GD\GD32A7xx\Source\ARM\startup_gd32
a711x_a712x.s

DMA0_Channel7_IRQHandler 00000054

Symbol: DMA0_Channel7_IRQHandler
   Definitions
      At line 691 in file ..\firmware\cmsis\GD\GD32A7xx\Source\ARM\startup_gd32
a711x_a712x.s
   Uses
      At line 226 in file ..\firmware\cmsis\GD\GD32A7xx\Source\ARM\startup_gd32
a711x_a712x.s
      At line 535 in file ..\firmware\cmsis\GD\GD32A7xx\Source\ARM\startup_gd32
a711x_a712x.s

DMA1_Channel0_IRQHandler 00000054

Symbol: DMA1_Channel0_IRQHandler
   Definitions
      At line 624 in file ..\firmware\cmsis\GD\GD32A7xx\Source\ARM\startup_gd32
a711x_a712x.s
   Uses
      At line 146 in file ..\firmware\cmsis\GD\GD32A7xx\Source\ARM\startup_gd32
a711x_a712x.s
      At line 468 in file ..\firmware\cmsis\GD\GD32A7xx\Source\ARM\startup_gd32
a711x_a712x.s

DMA1_Channel1_IRQHandler 00000054

Symbol: DMA1_Channel1_IRQHandler
   Definitions
      At line 625 in file ..\firmware\cmsis\GD\GD32A7xx\Source\ARM\startup_gd32
a711x_a712x.s
   Uses
      At line 147 in file ..\firmware\cmsis\GD\GD32A7xx\Source\ARM\startup_gd32
a711x_a712x.s
      At line 469 in file ..\firmware\cmsis\GD\GD32A7xx\Source\ARM\startup_gd32



ARM Macro Assembler    Page 6 Alphabetic symbol ordering
Relocatable symbols

a711x_a712x.s

DMA1_Channel2_IRQHandler 00000054

Symbol: DMA1_Channel2_IRQHandler
   Definitions
      At line 626 in file ..\firmware\cmsis\GD\GD32A7xx\Source\ARM\startup_gd32
a711x_a712x.s
   Uses
      At line 148 in file ..\firmware\cmsis\GD\GD32A7xx\Source\ARM\startup_gd32
a711x_a712x.s
      At line 470 in file ..\firmware\cmsis\GD\GD32A7xx\Source\ARM\startup_gd32
a711x_a712x.s

DMA1_Channel3_IRQHandler 00000054

Symbol: DMA1_Channel3_IRQHandler
   Definitions
      At line 627 in file ..\firmware\cmsis\GD\GD32A7xx\Source\ARM\startup_gd32
a711x_a712x.s
   Uses
      At line 149 in file ..\firmware\cmsis\GD\GD32A7xx\Source\ARM\startup_gd32
a711x_a712x.s
      At line 471 in file ..\firmware\cmsis\GD\GD32A7xx\Source\ARM\startup_gd32
a711x_a712x.s

DMA1_Channel4_IRQHandler 00000054

Symbol: DMA1_Channel4_IRQHandler
   Definitions
      At line 628 in file ..\firmware\cmsis\GD\GD32A7xx\Source\ARM\startup_gd32
a711x_a712x.s
   Uses
      At line 150 in file ..\firmware\cmsis\GD\GD32A7xx\Source\ARM\startup_gd32
a711x_a712x.s
      At line 472 in file ..\firmware\cmsis\GD\GD32A7xx\Source\ARM\startup_gd32
a711x_a712x.s

DMA1_Channel5_IRQHandler 00000054

Symbol: DMA1_Channel5_IRQHandler
   Definitions
      At line 692 in file ..\firmware\cmsis\GD\GD32A7xx\Source\ARM\startup_gd32
a711x_a712x.s
   Uses
      At line 235 in file ..\firmware\cmsis\GD\GD32A7xx\Source\ARM\startup_gd32
a711x_a712x.s
      At line 536 in file ..\firmware\cmsis\GD\GD32A7xx\Source\ARM\startup_gd32
a711x_a712x.s

DMA1_Channel6_IRQHandler 00000054

Symbol: DMA1_Channel6_IRQHandler
   Definitions
      At line 693 in file ..\firmware\cmsis\GD\GD32A7xx\Source\ARM\startup_gd32
a711x_a712x.s
   Uses
      At line 236 in file ..\firmware\cmsis\GD\GD32A7xx\Source\ARM\startup_gd32
a711x_a712x.s



ARM Macro Assembler    Page 7 Alphabetic symbol ordering
Relocatable symbols

      At line 537 in file ..\firmware\cmsis\GD\GD32A7xx\Source\ARM\startup_gd32
a711x_a712x.s

DMA1_Channel7_IRQHandler 00000054

Symbol: DMA1_Channel7_IRQHandler
   Definitions
      At line 694 in file ..\firmware\cmsis\GD\GD32A7xx\Source\ARM\startup_gd32
a711x_a712x.s
   Uses
      At line 237 in file ..\firmware\cmsis\GD\GD32A7xx\Source\ARM\startup_gd32
a711x_a712x.s
      At line 538 in file ..\firmware\cmsis\GD\GD32A7xx\Source\ARM\startup_gd32
a711x_a712x.s

DMAMUX_OVR_IRQHandler 00000054

Symbol: DMAMUX_OVR_IRQHandler
   Definitions
      At line 616 in file ..\firmware\cmsis\GD\GD32A7xx\Source\ARM\startup_gd32
a711x_a712x.s
   Uses
      At line 137 in file ..\firmware\cmsis\GD\GD32A7xx\Source\ARM\startup_gd32
a711x_a712x.s
      At line 460 in file ..\firmware\cmsis\GD\GD32A7xx\Source\ARM\startup_gd32
a711x_a712x.s

DTCMSRAM_INIT 00000032

Symbol: DTCMSRAM_INIT
   Definitions
      At line 361 in file ..\firmware\cmsis\GD\GD32A7xx\Source\ARM\startup_gd32
a711x_a712x.s
   Uses
      At line 363 in file ..\firmware\cmsis\GD\GD32A7xx\Source\ARM\startup_gd32
a711x_a712x.s
Comment: DTCMSRAM_INIT used once
DTM_CAN0_DMU_IRQHandler 00000054

Symbol: DTM_CAN0_DMU_IRQHandler
   Definitions
      At line 597 in file ..\firmware\cmsis\GD\GD32A7xx\Source\ARM\startup_gd32
a711x_a712x.s
   Uses
      At line 115 in file ..\firmware\cmsis\GD\GD32A7xx\Source\ARM\startup_gd32
a711x_a712x.s
      At line 441 in file ..\firmware\cmsis\GD\GD32A7xx\Source\ARM\startup_gd32
a711x_a712x.s

DTM_CAN0_INT0_IRQHandler 00000054

Symbol: DTM_CAN0_INT0_IRQHandler
   Definitions
      At line 595 in file ..\firmware\cmsis\GD\GD32A7xx\Source\ARM\startup_gd32
a711x_a712x.s
   Uses
      At line 109 in file ..\firmware\cmsis\GD\GD32A7xx\Source\ARM\startup_gd32
a711x_a712x.s
      At line 439 in file ..\firmware\cmsis\GD\GD32A7xx\Source\ARM\startup_gd32



ARM Macro Assembler    Page 8 Alphabetic symbol ordering
Relocatable symbols

a711x_a712x.s

DTM_CAN0_INT1_IRQHandler 00000054

Symbol: DTM_CAN0_INT1_IRQHandler
   Definitions
      At line 596 in file ..\firmware\cmsis\GD\GD32A7xx\Source\ARM\startup_gd32
a711x_a712x.s
   Uses
      At line 110 in file ..\firmware\cmsis\GD\GD32A7xx\Source\ARM\startup_gd32
a711x_a712x.s
      At line 440 in file ..\firmware\cmsis\GD\GD32A7xx\Source\ARM\startup_gd32
a711x_a712x.s

DTM_CAN1_DMU_IRQHandler 00000054

Symbol: DTM_CAN1_DMU_IRQHandler
   Definitions
      At line 631 in file ..\firmware\cmsis\GD\GD32A7xx\Source\ARM\startup_gd32
a711x_a712x.s
   Uses
      At line 154 in file ..\firmware\cmsis\GD\GD32A7xx\Source\ARM\startup_gd32
a711x_a712x.s
      At line 475 in file ..\firmware\cmsis\GD\GD32A7xx\Source\ARM\startup_gd32
a711x_a712x.s

DTM_CAN1_INT0_IRQHandler 00000054

Symbol: DTM_CAN1_INT0_IRQHandler
   Definitions
      At line 629 in file ..\firmware\cmsis\GD\GD32A7xx\Source\ARM\startup_gd32
a711x_a712x.s
   Uses
      At line 152 in file ..\firmware\cmsis\GD\GD32A7xx\Source\ARM\startup_gd32
a711x_a712x.s
      At line 473 in file ..\firmware\cmsis\GD\GD32A7xx\Source\ARM\startup_gd32
a711x_a712x.s

DTM_CAN1_INT1_IRQHandler 00000054

Symbol: DTM_CAN1_INT1_IRQHandler
   Definitions
      At line 630 in file ..\firmware\cmsis\GD\GD32A7xx\Source\ARM\startup_gd32
a711x_a712x.s
   Uses
      At line 153 in file ..\firmware\cmsis\GD\GD32A7xx\Source\ARM\startup_gd32
a711x_a712x.s
      At line 474 in file ..\firmware\cmsis\GD\GD32A7xx\Source\ARM\startup_gd32
a711x_a712x.s

DTM_CAN2_DMU_IRQHandler 00000054

Symbol: DTM_CAN2_DMU_IRQHandler
   Definitions
      At line 649 in file ..\firmware\cmsis\GD\GD32A7xx\Source\ARM\startup_gd32
a711x_a712x.s
   Uses
      At line 184 in file ..\firmware\cmsis\GD\GD32A7xx\Source\ARM\startup_gd32
a711x_a712x.s



ARM Macro Assembler    Page 9 Alphabetic symbol ordering
Relocatable symbols

      At line 493 in file ..\firmware\cmsis\GD\GD32A7xx\Source\ARM\startup_gd32
a711x_a712x.s

DTM_CAN2_INT0_IRQHandler 00000054

Symbol: DTM_CAN2_INT0_IRQHandler
   Definitions
      At line 655 in file ..\firmware\cmsis\GD\GD32A7xx\Source\ARM\startup_gd32
a711x_a712x.s
   Uses
      At line 190 in file ..\firmware\cmsis\GD\GD32A7xx\Source\ARM\startup_gd32
a711x_a712x.s
      At line 499 in file ..\firmware\cmsis\GD\GD32A7xx\Source\ARM\startup_gd32
a711x_a712x.s

DTM_CAN2_INT1_IRQHandler 00000054

Symbol: DTM_CAN2_INT1_IRQHandler
   Definitions
      At line 656 in file ..\firmware\cmsis\GD\GD32A7xx\Source\ARM\startup_gd32
a711x_a712x.s
   Uses
      At line 191 in file ..\firmware\cmsis\GD\GD32A7xx\Source\ARM\startup_gd32
a711x_a712x.s
      At line 500 in file ..\firmware\cmsis\GD\GD32A7xx\Source\ARM\startup_gd32
a711x_a712x.s

DTM_CAN3_DMU_IRQHandler 00000054

Symbol: DTM_CAN3_DMU_IRQHandler
   Definitions
      At line 650 in file ..\firmware\cmsis\GD\GD32A7xx\Source\ARM\startup_gd32
a711x_a712x.s
   Uses
      At line 185 in file ..\firmware\cmsis\GD\GD32A7xx\Source\ARM\startup_gd32
a711x_a712x.s
      At line 494 in file ..\firmware\cmsis\GD\GD32A7xx\Source\ARM\startup_gd32
a711x_a712x.s

DTM_CAN3_INT0_IRQHandler 00000054

Symbol: DTM_CAN3_INT0_IRQHandler
   Definitions
      At line 657 in file ..\firmware\cmsis\GD\GD32A7xx\Source\ARM\startup_gd32
a711x_a712x.s
   Uses
      At line 192 in file ..\firmware\cmsis\GD\GD32A7xx\Source\ARM\startup_gd32
a711x_a712x.s
      At line 501 in file ..\firmware\cmsis\GD\GD32A7xx\Source\ARM\startup_gd32
a711x_a712x.s

DTM_CAN3_INT1_IRQHandler 00000054

Symbol: DTM_CAN3_INT1_IRQHandler
   Definitions
      At line 658 in file ..\firmware\cmsis\GD\GD32A7xx\Source\ARM\startup_gd32
a711x_a712x.s
   Uses
      At line 193 in file ..\firmware\cmsis\GD\GD32A7xx\Source\ARM\startup_gd32



ARM Macro Assembler    Page 10 Alphabetic symbol ordering
Relocatable symbols

a711x_a712x.s
      At line 502 in file ..\firmware\cmsis\GD\GD32A7xx\Source\ARM\startup_gd32
a711x_a712x.s

DTM_CAN4_DMU_IRQHandler 00000054

Symbol: DTM_CAN4_DMU_IRQHandler
   Definitions
      At line 651 in file ..\firmware\cmsis\GD\GD32A7xx\Source\ARM\startup_gd32
a711x_a712x.s
   Uses
      At line 186 in file ..\firmware\cmsis\GD\GD32A7xx\Source\ARM\startup_gd32
a711x_a712x.s
      At line 495 in file ..\firmware\cmsis\GD\GD32A7xx\Source\ARM\startup_gd32
a711x_a712x.s

DTM_CAN4_INT0_IRQHandler 00000054

Symbol: DTM_CAN4_INT0_IRQHandler
   Definitions
      At line 659 in file ..\firmware\cmsis\GD\GD32A7xx\Source\ARM\startup_gd32
a711x_a712x.s
   Uses
      At line 194 in file ..\firmware\cmsis\GD\GD32A7xx\Source\ARM\startup_gd32
a711x_a712x.s
      At line 503 in file ..\firmware\cmsis\GD\GD32A7xx\Source\ARM\startup_gd32
a711x_a712x.s

DTM_CAN4_INT1_IRQHandler 00000054

Symbol: DTM_CAN4_INT1_IRQHandler
   Definitions
      At line 660 in file ..\firmware\cmsis\GD\GD32A7xx\Source\ARM\startup_gd32
a711x_a712x.s
   Uses
      At line 195 in file ..\firmware\cmsis\GD\GD32A7xx\Source\ARM\startup_gd32
a711x_a712x.s
      At line 504 in file ..\firmware\cmsis\GD\GD32A7xx\Source\ARM\startup_gd32
a711x_a712x.s

DTM_CAN5_DMU_IRQHandler 00000054

Symbol: DTM_CAN5_DMU_IRQHandler
   Definitions
      At line 652 in file ..\firmware\cmsis\GD\GD32A7xx\Source\ARM\startup_gd32
a711x_a712x.s
   Uses
      At line 187 in file ..\firmware\cmsis\GD\GD32A7xx\Source\ARM\startup_gd32
a711x_a712x.s
      At line 496 in file ..\firmware\cmsis\GD\GD32A7xx\Source\ARM\startup_gd32
a711x_a712x.s

DTM_CAN5_INT0_IRQHandler 00000054

Symbol: DTM_CAN5_INT0_IRQHandler
   Definitions
      At line 661 in file ..\firmware\cmsis\GD\GD32A7xx\Source\ARM\startup_gd32
a711x_a712x.s
   Uses



ARM Macro Assembler    Page 11 Alphabetic symbol ordering
Relocatable symbols

      At line 196 in file ..\firmware\cmsis\GD\GD32A7xx\Source\ARM\startup_gd32
a711x_a712x.s
      At line 505 in file ..\firmware\cmsis\GD\GD32A7xx\Source\ARM\startup_gd32
a711x_a712x.s

DTM_CAN5_INT1_IRQHandler 00000054

Symbol: DTM_CAN5_INT1_IRQHandler
   Definitions
      At line 662 in file ..\firmware\cmsis\GD\GD32A7xx\Source\ARM\startup_gd32
a711x_a712x.s
   Uses
      At line 197 in file ..\firmware\cmsis\GD\GD32A7xx\Source\ARM\startup_gd32
a711x_a712x.s
      At line 506 in file ..\firmware\cmsis\GD\GD32A7xx\Source\ARM\startup_gd32
a711x_a712x.s

DTM_CAN6_DMU_IRQHandler 00000054

Symbol: DTM_CAN6_DMU_IRQHandler
   Definitions
      At line 653 in file ..\firmware\cmsis\GD\GD32A7xx\Source\ARM\startup_gd32
a711x_a712x.s
   Uses
      At line 188 in file ..\firmware\cmsis\GD\GD32A7xx\Source\ARM\startup_gd32
a711x_a712x.s
      At line 497 in file ..\firmware\cmsis\GD\GD32A7xx\Source\ARM\startup_gd32
a711x_a712x.s

DTM_CAN6_INT0_IRQHandler 00000054

Symbol: DTM_CAN6_INT0_IRQHandler
   Definitions
      At line 663 in file ..\firmware\cmsis\GD\GD32A7xx\Source\ARM\startup_gd32
a711x_a712x.s
   Uses
      At line 198 in file ..\firmware\cmsis\GD\GD32A7xx\Source\ARM\startup_gd32
a711x_a712x.s
      At line 507 in file ..\firmware\cmsis\GD\GD32A7xx\Source\ARM\startup_gd32
a711x_a712x.s

DTM_CAN6_INT1_IRQHandler 00000054

Symbol: DTM_CAN6_INT1_IRQHandler
   Definitions
      At line 664 in file ..\firmware\cmsis\GD\GD32A7xx\Source\ARM\startup_gd32
a711x_a712x.s
   Uses
      At line 199 in file ..\firmware\cmsis\GD\GD32A7xx\Source\ARM\startup_gd32
a711x_a712x.s
      At line 508 in file ..\firmware\cmsis\GD\GD32A7xx\Source\ARM\startup_gd32
a711x_a712x.s

DTM_CAN7_DMU_IRQHandler 00000054

Symbol: DTM_CAN7_DMU_IRQHandler
   Definitions
      At line 654 in file ..\firmware\cmsis\GD\GD32A7xx\Source\ARM\startup_gd32
a711x_a712x.s



ARM Macro Assembler    Page 12 Alphabetic symbol ordering
Relocatable symbols

   Uses
      At line 189 in file ..\firmware\cmsis\GD\GD32A7xx\Source\ARM\startup_gd32
a711x_a712x.s
      At line 498 in file ..\firmware\cmsis\GD\GD32A7xx\Source\ARM\startup_gd32
a711x_a712x.s

DTM_CAN7_INT0_IRQHandler 00000054

Symbol: DTM_CAN7_INT0_IRQHandler
   Definitions
      At line 665 in file ..\firmware\cmsis\GD\GD32A7xx\Source\ARM\startup_gd32
a711x_a712x.s
   Uses
      At line 200 in file ..\firmware\cmsis\GD\GD32A7xx\Source\ARM\startup_gd32
a711x_a712x.s
      At line 509 in file ..\firmware\cmsis\GD\GD32A7xx\Source\ARM\startup_gd32
a711x_a712x.s

DTM_CAN7_INT1_IRQHandler 00000054

Symbol: DTM_CAN7_INT1_IRQHandler
   Definitions
      At line 666 in file ..\firmware\cmsis\GD\GD32A7xx\Source\ARM\startup_gd32
a711x_a712x.s
   Uses
      At line 201 in file ..\firmware\cmsis\GD\GD32A7xx\Source\ARM\startup_gd32
a711x_a712x.s
      At line 510 in file ..\firmware\cmsis\GD\GD32A7xx\Source\ARM\startup_gd32
a711x_a712x.s

DebugMon_Handler 0000004E

Symbol: DebugMon_Handler
   Definitions
      At line 403 in file ..\firmware\cmsis\GD\GD32A7xx\Source\ARM\startup_gd32
a711x_a712x.s
   Uses
      At line 84 in file ..\firmware\cmsis\GD\GD32A7xx\Source\ARM\startup_gd32a
711x_a712x.s
      At line 404 in file ..\firmware\cmsis\GD\GD32A7xx\Source\ARM\startup_gd32
a711x_a712x.s

Default_Handler 00000054

Symbol: Default_Handler
   Definitions
      At line 418 in file ..\firmware\cmsis\GD\GD32A7xx\Source\ARM\startup_gd32
a711x_a712x.s
   Uses
      None
Comment: Default_Handler unused
EXTI0_IRQHandler 00000054

Symbol: EXTI0_IRQHandler
   Definitions
      At line 582 in file ..\firmware\cmsis\GD\GD32A7xx\Source\ARM\startup_gd32
a711x_a712x.s
   Uses
      At line 96 in file ..\firmware\cmsis\GD\GD32A7xx\Source\ARM\startup_gd32a



ARM Macro Assembler    Page 13 Alphabetic symbol ordering
Relocatable symbols

711x_a712x.s
      At line 426 in file ..\firmware\cmsis\GD\GD32A7xx\Source\ARM\startup_gd32
a711x_a712x.s

EXTI10_15_IRQHandler 00000054

Symbol: EXTI10_15_IRQHandler
   Definitions
      At line 609 in file ..\firmware\cmsis\GD\GD32A7xx\Source\ARM\startup_gd32
a711x_a712x.s
   Uses
      At line 130 in file ..\firmware\cmsis\GD\GD32A7xx\Source\ARM\startup_gd32
a711x_a712x.s
      At line 453 in file ..\firmware\cmsis\GD\GD32A7xx\Source\ARM\startup_gd32
a711x_a712x.s

EXTI1_IRQHandler 00000054

Symbol: EXTI1_IRQHandler
   Definitions
      At line 583 in file ..\firmware\cmsis\GD\GD32A7xx\Source\ARM\startup_gd32
a711x_a712x.s
   Uses
      At line 97 in file ..\firmware\cmsis\GD\GD32A7xx\Source\ARM\startup_gd32a
711x_a712x.s
      At line 427 in file ..\firmware\cmsis\GD\GD32A7xx\Source\ARM\startup_gd32
a711x_a712x.s

EXTI2_IRQHandler 00000054

Symbol: EXTI2_IRQHandler
   Definitions
      At line 584 in file ..\firmware\cmsis\GD\GD32A7xx\Source\ARM\startup_gd32
a711x_a712x.s
   Uses
      At line 98 in file ..\firmware\cmsis\GD\GD32A7xx\Source\ARM\startup_gd32a
711x_a712x.s
      At line 428 in file ..\firmware\cmsis\GD\GD32A7xx\Source\ARM\startup_gd32
a711x_a712x.s

EXTI3_IRQHandler 00000054

Symbol: EXTI3_IRQHandler
   Definitions
      At line 585 in file ..\firmware\cmsis\GD\GD32A7xx\Source\ARM\startup_gd32
a711x_a712x.s
   Uses
      At line 99 in file ..\firmware\cmsis\GD\GD32A7xx\Source\ARM\startup_gd32a
711x_a712x.s
      At line 429 in file ..\firmware\cmsis\GD\GD32A7xx\Source\ARM\startup_gd32
a711x_a712x.s

EXTI42_101_IRQHandler 00000054

Symbol: EXTI42_101_IRQHandler
   Definitions
      At line 613 in file ..\firmware\cmsis\GD\GD32A7xx\Source\ARM\startup_gd32
a711x_a712x.s
   Uses



ARM Macro Assembler    Page 14 Alphabetic symbol ordering
Relocatable symbols

      At line 134 in file ..\firmware\cmsis\GD\GD32A7xx\Source\ARM\startup_gd32
a711x_a712x.s
      At line 457 in file ..\firmware\cmsis\GD\GD32A7xx\Source\ARM\startup_gd32
a711x_a712x.s

EXTI4_IRQHandler 00000054

Symbol: EXTI4_IRQHandler
   Definitions
      At line 586 in file ..\firmware\cmsis\GD\GD32A7xx\Source\ARM\startup_gd32
a711x_a712x.s
   Uses
      At line 100 in file ..\firmware\cmsis\GD\GD32A7xx\Source\ARM\startup_gd32
a711x_a712x.s
      At line 430 in file ..\firmware\cmsis\GD\GD32A7xx\Source\ARM\startup_gd32
a711x_a712x.s

EXTI5_9_IRQHandler 00000054

Symbol: EXTI5_9_IRQHandler
   Definitions
      At line 610 in file ..\firmware\cmsis\GD\GD32A7xx\Source\ARM\startup_gd32
a711x_a712x.s
   Uses
      At line 131 in file ..\firmware\cmsis\GD\GD32A7xx\Source\ARM\startup_gd32
a711x_a712x.s
      At line 454 in file ..\firmware\cmsis\GD\GD32A7xx\Source\ARM\startup_gd32
a711x_a712x.s

FMC_IRQHandler 00000054

Symbol: FMC_IRQHandler
   Definitions
      At line 580 in file ..\firmware\cmsis\GD\GD32A7xx\Source\ARM\startup_gd32
a711x_a712x.s
   Uses
      At line 94 in file ..\firmware\cmsis\GD\GD32A7xx\Source\ARM\startup_gd32a
711x_a712x.s
      At line 424 in file ..\firmware\cmsis\GD\GD32A7xx\Source\ARM\startup_gd32
a711x_a712x.s

FMU_CAT_IRQHandler 00000054

Symbol: FMU_CAT_IRQHandler
   Definitions
      At line 642 in file ..\firmware\cmsis\GD\GD32A7xx\Source\ARM\startup_gd32
a711x_a712x.s
   Uses
      At line 171 in file ..\firmware\cmsis\GD\GD32A7xx\Source\ARM\startup_gd32
a711x_a712x.s
      At line 486 in file ..\firmware\cmsis\GD\GD32A7xx\Source\ARM\startup_gd32
a711x_a712x.s

FMU_INIT_IRQHandler 00000054

Symbol: FMU_INIT_IRQHandler
   Definitions
      At line 620 in file ..\firmware\cmsis\GD\GD32A7xx\Source\ARM\startup_gd32
a711x_a712x.s



ARM Macro Assembler    Page 15 Alphabetic symbol ordering
Relocatable symbols

   Uses
      At line 141 in file ..\firmware\cmsis\GD\GD32A7xx\Source\ARM\startup_gd32
a711x_a712x.s
      At line 464 in file ..\firmware\cmsis\GD\GD32A7xx\Source\ARM\startup_gd32
a711x_a712x.s

FPU_WAB_IRQHandler 00000054

Symbol: FPU_WAB_IRQHandler
   Definitions
      At line 617 in file ..\firmware\cmsis\GD\GD32A7xx\Source\ARM\startup_gd32
a711x_a712x.s
   Uses
      At line 138 in file ..\firmware\cmsis\GD\GD32A7xx\Source\ARM\startup_gd32
a711x_a712x.s
      At line 461 in file ..\firmware\cmsis\GD\GD32A7xx\Source\ARM\startup_gd32
a711x_a712x.s

FWDGT_IRQHandler 00000054

Symbol: FWDGT_IRQHandler
   Definitions
      At line 717 in file ..\firmware\cmsis\GD\GD32A7xx\Source\ARM\startup_gd32
a711x_a712x.s
   Uses
      At line 280 in file ..\firmware\cmsis\GD\GD32A7xx\Source\ARM\startup_gd32
a711x_a712x.s
      At line 561 in file ..\firmware\cmsis\GD\GD32A7xx\Source\ARM\startup_gd32
a711x_a712x.s

HSM_COM0_IRQHandler 00000054

Symbol: HSM_COM0_IRQHandler
   Definitions
      At line 640 in file ..\firmware\cmsis\GD\GD32A7xx\Source\ARM\startup_gd32
a711x_a712x.s
   Uses
      At line 169 in file ..\firmware\cmsis\GD\GD32A7xx\Source\ARM\startup_gd32
a711x_a712x.s
      At line 484 in file ..\firmware\cmsis\GD\GD32A7xx\Source\ARM\startup_gd32
a711x_a712x.s

HSM_COM1_IRQHandler 00000054

Symbol: HSM_COM1_IRQHandler
   Definitions
      At line 641 in file ..\firmware\cmsis\GD\GD32A7xx\Source\ARM\startup_gd32
a711x_a712x.s
   Uses
      At line 170 in file ..\firmware\cmsis\GD\GD32A7xx\Source\ARM\startup_gd32
a711x_a712x.s
      At line 485 in file ..\firmware\cmsis\GD\GD32A7xx\Source\ARM\startup_gd32
a711x_a712x.s

HVD_LVD_IRQHandler 00000054

Symbol: HVD_LVD_IRQHandler
   Definitions
      At line 577 in file ..\firmware\cmsis\GD\GD32A7xx\Source\ARM\startup_gd32



ARM Macro Assembler    Page 16 Alphabetic symbol ordering
Relocatable symbols

a711x_a712x.s
   Uses
      At line 91 in file ..\firmware\cmsis\GD\GD32A7xx\Source\ARM\startup_gd32a
711x_a712x.s
      At line 421 in file ..\firmware\cmsis\GD\GD32A7xx\Source\ARM\startup_gd32
a711x_a712x.s

HardFault_Handler 00000044

Symbol: HardFault_Handler
   Definitions
      At line 379 in file ..\firmware\cmsis\GD\GD32A7xx\Source\ARM\startup_gd32
a711x_a712x.s
   Uses
      At line 75 in file ..\firmware\cmsis\GD\GD32A7xx\Source\ARM\startup_gd32a
711x_a712x.s
      At line 380 in file ..\firmware\cmsis\GD\GD32A7xx\Source\ARM\startup_gd32
a711x_a712x.s

I2C0_ER_IRQHandler 00000054

Symbol: I2C0_ER_IRQHandler
   Definitions
      At line 604 in file ..\firmware\cmsis\GD\GD32A7xx\Source\ARM\startup_gd32
a711x_a712x.s
   Uses
      At line 122 in file ..\firmware\cmsis\GD\GD32A7xx\Source\ARM\startup_gd32
a711x_a712x.s
      At line 448 in file ..\firmware\cmsis\GD\GD32A7xx\Source\ARM\startup_gd32
a711x_a712x.s

I2C0_EV_IRQHandler 00000054

Symbol: I2C0_EV_IRQHandler
   Definitions
      At line 603 in file ..\firmware\cmsis\GD\GD32A7xx\Source\ARM\startup_gd32
a711x_a712x.s
   Uses
      At line 121 in file ..\firmware\cmsis\GD\GD32A7xx\Source\ARM\startup_gd32
a711x_a712x.s
      At line 447 in file ..\firmware\cmsis\GD\GD32A7xx\Source\ARM\startup_gd32
a711x_a712x.s

I2C1_ER_IRQHandler 00000054

Symbol: I2C1_ER_IRQHandler
   Definitions
      At line 606 in file ..\firmware\cmsis\GD\GD32A7xx\Source\ARM\startup_gd32
a711x_a712x.s
   Uses
      At line 124 in file ..\firmware\cmsis\GD\GD32A7xx\Source\ARM\startup_gd32
a711x_a712x.s
      At line 450 in file ..\firmware\cmsis\GD\GD32A7xx\Source\ARM\startup_gd32
a711x_a712x.s

I2C1_EV_IRQHandler 00000054

Symbol: I2C1_EV_IRQHandler
   Definitions



ARM Macro Assembler    Page 17 Alphabetic symbol ordering
Relocatable symbols

      At line 605 in file ..\firmware\cmsis\GD\GD32A7xx\Source\ARM\startup_gd32
a711x_a712x.s
   Uses
      At line 123 in file ..\firmware\cmsis\GD\GD32A7xx\Source\ARM\startup_gd32
a711x_a712x.s
      At line 449 in file ..\firmware\cmsis\GD\GD32A7xx\Source\ARM\startup_gd32
a711x_a712x.s

ITCMSRAM_INIT 0000001E

Symbol: ITCMSRAM_INIT
   Definitions
      At line 353 in file ..\firmware\cmsis\GD\GD32A7xx\Source\ARM\startup_gd32
a711x_a712x.s
   Uses
      At line 355 in file ..\firmware\cmsis\GD\GD32A7xx\Source\ARM\startup_gd32
a711x_a712x.s
Comment: ITCMSRAM_INIT used once
JDC_IRQHandler 00000054

Symbol: JDC_IRQHandler
   Definitions
      At line 602 in file ..\firmware\cmsis\GD\GD32A7xx\Source\ARM\startup_gd32
a711x_a712x.s
   Uses
      At line 120 in file ..\firmware\cmsis\GD\GD32A7xx\Source\ARM\startup_gd32
a711x_a712x.s
      At line 446 in file ..\firmware\cmsis\GD\GD32A7xx\Source\ARM\startup_gd32
a711x_a712x.s

LINFlexD0_IRQHandler 00000054

Symbol: LINFlexD0_IRQHandler
   Definitions
      At line 695 in file ..\firmware\cmsis\GD\GD32A7xx\Source\ARM\startup_gd32
a711x_a712x.s
   Uses
      At line 252 in file ..\firmware\cmsis\GD\GD32A7xx\Source\ARM\startup_gd32
a711x_a712x.s
      At line 539 in file ..\firmware\cmsis\GD\GD32A7xx\Source\ARM\startup_gd32
a711x_a712x.s

LINFlexD1_IRQHandler 00000054

Symbol: LINFlexD1_IRQHandler
   Definitions
      At line 696 in file ..\firmware\cmsis\GD\GD32A7xx\Source\ARM\startup_gd32
a711x_a712x.s
   Uses
      At line 253 in file ..\firmware\cmsis\GD\GD32A7xx\Source\ARM\startup_gd32
a711x_a712x.s
      At line 540 in file ..\firmware\cmsis\GD\GD32A7xx\Source\ARM\startup_gd32
a711x_a712x.s

LINFlexD2_IRQHandler 00000054

Symbol: LINFlexD2_IRQHandler
   Definitions
      At line 697 in file ..\firmware\cmsis\GD\GD32A7xx\Source\ARM\startup_gd32



ARM Macro Assembler    Page 18 Alphabetic symbol ordering
Relocatable symbols

a711x_a712x.s
   Uses
      At line 254 in file ..\firmware\cmsis\GD\GD32A7xx\Source\ARM\startup_gd32
a711x_a712x.s
      At line 541 in file ..\firmware\cmsis\GD\GD32A7xx\Source\ARM\startup_gd32
a711x_a712x.s

LINFlexD3_IRQHandler 00000054

Symbol: LINFlexD3_IRQHandler
   Definitions
      At line 698 in file ..\firmware\cmsis\GD\GD32A7xx\Source\ARM\startup_gd32
a711x_a712x.s
   Uses
      At line 255 in file ..\firmware\cmsis\GD\GD32A7xx\Source\ARM\startup_gd32
a711x_a712x.s
      At line 542 in file ..\firmware\cmsis\GD\GD32A7xx\Source\ARM\startup_gd32
a711x_a712x.s

LINFlexD4_IRQHandler 00000054

Symbol: LINFlexD4_IRQHandler
   Definitions
      At line 699 in file ..\firmware\cmsis\GD\GD32A7xx\Source\ARM\startup_gd32
a711x_a712x.s
   Uses
      At line 256 in file ..\firmware\cmsis\GD\GD32A7xx\Source\ARM\startup_gd32
a711x_a712x.s
      At line 543 in file ..\firmware\cmsis\GD\GD32A7xx\Source\ARM\startup_gd32
a711x_a712x.s

LINFlexD5_IRQHandler 00000054

Symbol: LINFlexD5_IRQHandler
   Definitions
      At line 700 in file ..\firmware\cmsis\GD\GD32A7xx\Source\ARM\startup_gd32
a711x_a712x.s
   Uses
      At line 257 in file ..\firmware\cmsis\GD\GD32A7xx\Source\ARM\startup_gd32
a711x_a712x.s
      At line 544 in file ..\firmware\cmsis\GD\GD32A7xx\Source\ARM\startup_gd32
a711x_a712x.s

MemManage_Handler 00000046

Symbol: MemManage_Handler
   Definitions
      At line 384 in file ..\firmware\cmsis\GD\GD32A7xx\Source\ARM\startup_gd32
a711x_a712x.s
   Uses
      At line 76 in file ..\firmware\cmsis\GD\GD32A7xx\Source\ARM\startup_gd32a
711x_a712x.s
      At line 385 in file ..\firmware\cmsis\GD\GD32A7xx\Source\ARM\startup_gd32
a711x_a712x.s

NMI_Handler 00000042

Symbol: NMI_Handler
   Definitions



ARM Macro Assembler    Page 19 Alphabetic symbol ordering
Relocatable symbols

      At line 374 in file ..\firmware\cmsis\GD\GD32A7xx\Source\ARM\startup_gd32
a711x_a712x.s
   Uses
      At line 74 in file ..\firmware\cmsis\GD\GD32A7xx\Source\ARM\startup_gd32a
711x_a712x.s
      At line 375 in file ..\firmware\cmsis\GD\GD32A7xx\Source\ARM\startup_gd32
a711x_a712x.s

PLL_LOL_DES_RESET_IRQHandler 00000054

Symbol: PLL_LOL_DES_RESET_IRQHandler
   Definitions
      At line 615 in file ..\firmware\cmsis\GD\GD32A7xx\Source\ARM\startup_gd32
a711x_a712x.s
   Uses
      At line 136 in file ..\firmware\cmsis\GD\GD32A7xx\Source\ARM\startup_gd32
a711x_a712x.s
      At line 459 in file ..\firmware\cmsis\GD\GD32A7xx\Source\ARM\startup_gd32
a711x_a712x.s

PendSV_Handler 00000050

Symbol: PendSV_Handler
   Definitions
      At line 408 in file ..\firmware\cmsis\GD\GD32A7xx\Source\ARM\startup_gd32
a711x_a712x.s
   Uses
      At line 86 in file ..\firmware\cmsis\GD\GD32A7xx\Source\ARM\startup_gd32a
711x_a712x.s
      At line 409 in file ..\firmware\cmsis\GD\GD32A7xx\Source\ARM\startup_gd32
a711x_a712x.s

QSPI_IRQHandler 00000054

Symbol: QSPI_IRQHandler
   Definitions
      At line 648 in file ..\firmware\cmsis\GD\GD32A7xx\Source\ARM\startup_gd32
a711x_a712x.s
   Uses
      At line 180 in file ..\firmware\cmsis\GD\GD32A7xx\Source\ARM\startup_gd32
a711x_a712x.s
      At line 492 in file ..\firmware\cmsis\GD\GD32A7xx\Source\ARM\startup_gd32
a711x_a712x.s

RCTL_IRQHandler 00000054

Symbol: RCTL_IRQHandler
   Definitions
      At line 643 in file ..\firmware\cmsis\GD\GD32A7xx\Source\ARM\startup_gd32
a711x_a712x.s
   Uses
      At line 172 in file ..\firmware\cmsis\GD\GD32A7xx\Source\ARM\startup_gd32
a711x_a712x.s
      At line 487 in file ..\firmware\cmsis\GD\GD32A7xx\Source\ARM\startup_gd32
a711x_a712x.s

RCU_CK_FAIL_IRQHandler 00000054

Symbol: RCU_CK_FAIL_IRQHandler



ARM Macro Assembler    Page 20 Alphabetic symbol ordering
Relocatable symbols

   Definitions
      At line 718 in file ..\firmware\cmsis\GD\GD32A7xx\Source\ARM\startup_gd32
a711x_a712x.s
   Uses
      At line 286 in file ..\firmware\cmsis\GD\GD32A7xx\Source\ARM\startup_gd32
a711x_a712x.s
      At line 562 in file ..\firmware\cmsis\GD\GD32A7xx\Source\ARM\startup_gd32
a711x_a712x.s

RCU_IRQHandler 00000054

Symbol: RCU_IRQHandler
   Definitions
      At line 581 in file ..\firmware\cmsis\GD\GD32A7xx\Source\ARM\startup_gd32
a711x_a712x.s
   Uses
      At line 95 in file ..\firmware\cmsis\GD\GD32A7xx\Source\ARM\startup_gd32a
711x_a712x.s
      At line 425 in file ..\firmware\cmsis\GD\GD32A7xx\Source\ARM\startup_gd32
a711x_a712x.s

RTC_Alarm_IRQHandler 00000054

Symbol: RTC_Alarm_IRQHandler
   Definitions
      At line 578 in file ..\firmware\cmsis\GD\GD32A7xx\Source\ARM\startup_gd32
a711x_a712x.s
   Uses
      At line 92 in file ..\firmware\cmsis\GD\GD32A7xx\Source\ARM\startup_gd32a
711x_a712x.s
      At line 422 in file ..\firmware\cmsis\GD\GD32A7xx\Source\ARM\startup_gd32
a711x_a712x.s

RTC_IRQHandler 00000054

Symbol: RTC_IRQHandler
   Definitions
      At line 579 in file ..\firmware\cmsis\GD\GD32A7xx\Source\ARM\startup_gd32
a711x_a712x.s
   Uses
      At line 93 in file ..\firmware\cmsis\GD\GD32A7xx\Source\ARM\startup_gd32a
711x_a712x.s
      At line 423 in file ..\firmware\cmsis\GD\GD32A7xx\Source\ARM\startup_gd32
a711x_a712x.s

Reset_Handler 00000000

Symbol: Reset_Handler
   Definitions
      At line 337 in file ..\firmware\cmsis\GD\GD32A7xx\Source\ARM\startup_gd32
a711x_a712x.s
   Uses
      At line 73 in file ..\firmware\cmsis\GD\GD32A7xx\Source\ARM\startup_gd32a
711x_a712x.s
      At line 338 in file ..\firmware\cmsis\GD\GD32A7xx\Source\ARM\startup_gd32
a711x_a712x.s

SPI0_IRQHandler 00000054




ARM Macro Assembler    Page 21 Alphabetic symbol ordering
Relocatable symbols

Symbol: SPI0_IRQHandler
   Definitions
      At line 607 in file ..\firmware\cmsis\GD\GD32A7xx\Source\ARM\startup_gd32
a711x_a712x.s
   Uses
      At line 125 in file ..\firmware\cmsis\GD\GD32A7xx\Source\ARM\startup_gd32
a711x_a712x.s
      At line 451 in file ..\firmware\cmsis\GD\GD32A7xx\Source\ARM\startup_gd32
a711x_a712x.s

SPI1_IRQHandler 00000054

Symbol: SPI1_IRQHandler
   Definitions
      At line 608 in file ..\firmware\cmsis\GD\GD32A7xx\Source\ARM\startup_gd32
a711x_a712x.s
   Uses
      At line 126 in file ..\firmware\cmsis\GD\GD32A7xx\Source\ARM\startup_gd32
a711x_a712x.s
      At line 452 in file ..\firmware\cmsis\GD\GD32A7xx\Source\ARM\startup_gd32
a711x_a712x.s

SPI2_IRQHandler 00000054

Symbol: SPI2_IRQHandler
   Definitions
      At line 644 in file ..\firmware\cmsis\GD\GD32A7xx\Source\ARM\startup_gd32
a711x_a712x.s
   Uses
      At line 174 in file ..\firmware\cmsis\GD\GD32A7xx\Source\ARM\startup_gd32
a711x_a712x.s
      At line 488 in file ..\firmware\cmsis\GD\GD32A7xx\Source\ARM\startup_gd32
a711x_a712x.s

SPI3_IRQHandler 00000054

Symbol: SPI3_IRQHandler
   Definitions
      At line 645 in file ..\firmware\cmsis\GD\GD32A7xx\Source\ARM\startup_gd32
a711x_a712x.s
   Uses
      At line 175 in file ..\firmware\cmsis\GD\GD32A7xx\Source\ARM\startup_gd32
a711x_a712x.s
      At line 489 in file ..\firmware\cmsis\GD\GD32A7xx\Source\ARM\startup_gd32
a711x_a712x.s

SPI4_IRQHandler 00000054

Symbol: SPI4_IRQHandler
   Definitions
      At line 646 in file ..\firmware\cmsis\GD\GD32A7xx\Source\ARM\startup_gd32
a711x_a712x.s
   Uses
      At line 176 in file ..\firmware\cmsis\GD\GD32A7xx\Source\ARM\startup_gd32
a711x_a712x.s
      At line 490 in file ..\firmware\cmsis\GD\GD32A7xx\Source\ARM\startup_gd32
a711x_a712x.s

SPI5_IRQHandler 00000054



ARM Macro Assembler    Page 22 Alphabetic symbol ordering
Relocatable symbols


Symbol: SPI5_IRQHandler
   Definitions
      At line 647 in file ..\firmware\cmsis\GD\GD32A7xx\Source\ARM\startup_gd32
a711x_a712x.s
   Uses
      At line 177 in file ..\firmware\cmsis\GD\GD32A7xx\Source\ARM\startup_gd32
a711x_a712x.s
      At line 491 in file ..\firmware\cmsis\GD\GD32A7xx\Source\ARM\startup_gd32
a711x_a712x.s

SRAM_INIT 0000000A

Symbol: SRAM_INIT
   Definitions
      At line 345 in file ..\firmware\cmsis\GD\GD32A7xx\Source\ARM\startup_gd32
a711x_a712x.s
   Uses
      At line 347 in file ..\firmware\cmsis\GD\GD32A7xx\Source\ARM\startup_gd32
a711x_a712x.s
Comment: SRAM_INIT used once
STCM_IRQHandler 00000054

Symbol: STCM_IRQHandler
   Definitions
      At line 623 in file ..\firmware\cmsis\GD\GD32A7xx\Source\ARM\startup_gd32
a711x_a712x.s
   Uses
      At line 145 in file ..\firmware\cmsis\GD\GD32A7xx\Source\ARM\startup_gd32
a711x_a712x.s
      At line 467 in file ..\firmware\cmsis\GD\GD32A7xx\Source\ARM\startup_gd32
a711x_a712x.s

SVC_Handler 0000004C

Symbol: SVC_Handler
   Definitions
      At line 398 in file ..\firmware\cmsis\GD\GD32A7xx\Source\ARM\startup_gd32
a711x_a712x.s
   Uses
      At line 83 in file ..\firmware\cmsis\GD\GD32A7xx\Source\ARM\startup_gd32a
711x_a712x.s
      At line 399 in file ..\firmware\cmsis\GD\GD32A7xx\Source\ARM\startup_gd32
a711x_a712x.s

SysTick_Handler 00000052

Symbol: SysTick_Handler
   Definitions
      At line 413 in file ..\firmware\cmsis\GD\GD32A7xx\Source\ARM\startup_gd32
a711x_a712x.s
   Uses
      At line 87 in file ..\firmware\cmsis\GD\GD32A7xx\Source\ARM\startup_gd32a
711x_a712x.s
      At line 414 in file ..\firmware\cmsis\GD\GD32A7xx\Source\ARM\startup_gd32
a711x_a712x.s

TAMPER_IRQHandler 00000054




ARM Macro Assembler    Page 23 Alphabetic symbol ordering
Relocatable symbols

Symbol: TAMPER_IRQHandler
   Definitions
      At line 611 in file ..\firmware\cmsis\GD\GD32A7xx\Source\ARM\startup_gd32
a711x_a712x.s
   Uses
      At line 132 in file ..\firmware\cmsis\GD\GD32A7xx\Source\ARM\startup_gd32
a711x_a712x.s
      At line 455 in file ..\firmware\cmsis\GD\GD32A7xx\Source\ARM\startup_gd32
a711x_a712x.s

TIMER0_BRK_UP_TRG_CMT_IRQHandler 00000054

Symbol: TIMER0_BRK_UP_TRG_CMT_IRQHandler
   Definitions
      At line 598 in file ..\firmware\cmsis\GD\GD32A7xx\Source\ARM\startup_gd32
a711x_a712x.s
   Uses
      At line 116 in file ..\firmware\cmsis\GD\GD32A7xx\Source\ARM\startup_gd32
a711x_a712x.s
      At line 442 in file ..\firmware\cmsis\GD\GD32A7xx\Source\ARM\startup_gd32
a711x_a712x.s

TIMER0_CC0_CC0N_IRQHandler 00000054

Symbol: TIMER0_CC0_CC0N_IRQHandler
   Definitions
      At line 701 in file ..\firmware\cmsis\GD\GD32A7xx\Source\ARM\startup_gd32
a711x_a712x.s
   Uses
      At line 264 in file ..\firmware\cmsis\GD\GD32A7xx\Source\ARM\startup_gd32
a711x_a712x.s
      At line 545 in file ..\firmware\cmsis\GD\GD32A7xx\Source\ARM\startup_gd32
a711x_a712x.s

TIMER0_CC1_CC1N_IRQHandler 00000054

Symbol: TIMER0_CC1_CC1N_IRQHandler
   Definitions
      At line 702 in file ..\firmware\cmsis\GD\GD32A7xx\Source\ARM\startup_gd32
a711x_a712x.s
   Uses
      At line 265 in file ..\firmware\cmsis\GD\GD32A7xx\Source\ARM\startup_gd32
a711x_a712x.s
      At line 546 in file ..\firmware\cmsis\GD\GD32A7xx\Source\ARM\startup_gd32
a711x_a712x.s

TIMER0_CC2_CC2N_IRQHandler 00000054

Symbol: TIMER0_CC2_CC2N_IRQHandler
   Definitions
      At line 703 in file ..\firmware\cmsis\GD\GD32A7xx\Source\ARM\startup_gd32
a711x_a712x.s
   Uses
      At line 266 in file ..\firmware\cmsis\GD\GD32A7xx\Source\ARM\startup_gd32
a711x_a712x.s
      At line 547 in file ..\firmware\cmsis\GD\GD32A7xx\Source\ARM\startup_gd32
a711x_a712x.s

TIMER0_CC3_CC3N_IRQHandler 00000054



ARM Macro Assembler    Page 24 Alphabetic symbol ordering
Relocatable symbols


Symbol: TIMER0_CC3_CC3N_IRQHandler
   Definitions
      At line 704 in file ..\firmware\cmsis\GD\GD32A7xx\Source\ARM\startup_gd32
a711x_a712x.s
   Uses
      At line 267 in file ..\firmware\cmsis\GD\GD32A7xx\Source\ARM\startup_gd32
a711x_a712x.s
      At line 548 in file ..\firmware\cmsis\GD\GD32A7xx\Source\ARM\startup_gd32
a711x_a712x.s

TIMER19_BRK_UP_TRG_CMT_IRQHandler 00000054

Symbol: TIMER19_BRK_UP_TRG_CMT_IRQHandler
   Definitions
      At line 601 in file ..\firmware\cmsis\GD\GD32A7xx\Source\ARM\startup_gd32
a711x_a712x.s
   Uses
      At line 119 in file ..\firmware\cmsis\GD\GD32A7xx\Source\ARM\startup_gd32
a711x_a712x.s
      At line 445 in file ..\firmware\cmsis\GD\GD32A7xx\Source\ARM\startup_gd32
a711x_a712x.s

TIMER19_CC0_CC0N_IRQHandler 00000054

Symbol: TIMER19_CC0_CC0N_IRQHandler
   Definitions
      At line 667 in file ..\firmware\cmsis\GD\GD32A7xx\Source\ARM\startup_gd32
a711x_a712x.s
   Uses
      At line 202 in file ..\firmware\cmsis\GD\GD32A7xx\Source\ARM\startup_gd32
a711x_a712x.s
      At line 511 in file ..\firmware\cmsis\GD\GD32A7xx\Source\ARM\startup_gd32
a711x_a712x.s

TIMER19_CC1_CC1N_IRQHandler 00000054

Symbol: TIMER19_CC1_CC1N_IRQHandler
   Definitions
      At line 668 in file ..\firmware\cmsis\GD\GD32A7xx\Source\ARM\startup_gd32
a711x_a712x.s
   Uses
      At line 203 in file ..\firmware\cmsis\GD\GD32A7xx\Source\ARM\startup_gd32
a711x_a712x.s
      At line 512 in file ..\firmware\cmsis\GD\GD32A7xx\Source\ARM\startup_gd32
a711x_a712x.s

TIMER19_CC2_CC2N_IRQHandler 00000054

Symbol: TIMER19_CC2_CC2N_IRQHandler
   Definitions
      At line 669 in file ..\firmware\cmsis\GD\GD32A7xx\Source\ARM\startup_gd32
a711x_a712x.s
   Uses
      At line 204 in file ..\firmware\cmsis\GD\GD32A7xx\Source\ARM\startup_gd32
a711x_a712x.s
      At line 513 in file ..\firmware\cmsis\GD\GD32A7xx\Source\ARM\startup_gd32
a711x_a712x.s




ARM Macro Assembler    Page 25 Alphabetic symbol ordering
Relocatable symbols

TIMER19_CC3_CC3N_IRQHandler 00000054

Symbol: TIMER19_CC3_CC3N_IRQHandler
   Definitions
      At line 670 in file ..\firmware\cmsis\GD\GD32A7xx\Source\ARM\startup_gd32
a711x_a712x.s
   Uses
      At line 205 in file ..\firmware\cmsis\GD\GD32A7xx\Source\ARM\startup_gd32
a711x_a712x.s
      At line 514 in file ..\firmware\cmsis\GD\GD32A7xx\Source\ARM\startup_gd32
a711x_a712x.s

TIMER1_CC0_IRQHandler 00000054

Symbol: TIMER1_CC0_IRQHandler
   Definitions
      At line 709 in file ..\firmware\cmsis\GD\GD32A7xx\Source\ARM\startup_gd32
a711x_a712x.s
   Uses
      At line 272 in file ..\firmware\cmsis\GD\GD32A7xx\Source\ARM\startup_gd32
a711x_a712x.s
      At line 553 in file ..\firmware\cmsis\GD\GD32A7xx\Source\ARM\startup_gd32
a711x_a712x.s

TIMER1_CC1_IRQHandler 00000054

Symbol: TIMER1_CC1_IRQHandler
   Definitions
      At line 710 in file ..\firmware\cmsis\GD\GD32A7xx\Source\ARM\startup_gd32
a711x_a712x.s
   Uses
      At line 273 in file ..\firmware\cmsis\GD\GD32A7xx\Source\ARM\startup_gd32
a711x_a712x.s
      At line 554 in file ..\firmware\cmsis\GD\GD32A7xx\Source\ARM\startup_gd32
a711x_a712x.s

TIMER1_CC2_IRQHandler 00000054

Symbol: TIMER1_CC2_IRQHandler
   Definitions
      At line 711 in file ..\firmware\cmsis\GD\GD32A7xx\Source\ARM\startup_gd32
a711x_a712x.s
   Uses
      At line 274 in file ..\firmware\cmsis\GD\GD32A7xx\Source\ARM\startup_gd32
a711x_a712x.s
      At line 555 in file ..\firmware\cmsis\GD\GD32A7xx\Source\ARM\startup_gd32
a711x_a712x.s

TIMER1_CC3_IRQHandler 00000054

Symbol: TIMER1_CC3_IRQHandler
   Definitions
      At line 712 in file ..\firmware\cmsis\GD\GD32A7xx\Source\ARM\startup_gd32
a711x_a712x.s
   Uses
      At line 275 in file ..\firmware\cmsis\GD\GD32A7xx\Source\ARM\startup_gd32
a711x_a712x.s
      At line 556 in file ..\firmware\cmsis\GD\GD32A7xx\Source\ARM\startup_gd32
a711x_a712x.s



ARM Macro Assembler    Page 26 Alphabetic symbol ordering
Relocatable symbols


TIMER1_IRQHandler 00000054

Symbol: TIMER1_IRQHandler
   Definitions
      At line 600 in file ..\firmware\cmsis\GD\GD32A7xx\Source\ARM\startup_gd32
a711x_a712x.s
   Uses
      At line 118 in file ..\firmware\cmsis\GD\GD32A7xx\Source\ARM\startup_gd32
a711x_a712x.s
      At line 444 in file ..\firmware\cmsis\GD\GD32A7xx\Source\ARM\startup_gd32
a711x_a712x.s

TIMER20_BRK_UP_TRG_CMT_IRQHandler 00000054

Symbol: TIMER20_BRK_UP_TRG_CMT_IRQHandler
   Definitions
      At line 612 in file ..\firmware\cmsis\GD\GD32A7xx\Source\ARM\startup_gd32
a711x_a712x.s
   Uses
      At line 133 in file ..\firmware\cmsis\GD\GD32A7xx\Source\ARM\startup_gd32
a711x_a712x.s
      At line 456 in file ..\firmware\cmsis\GD\GD32A7xx\Source\ARM\startup_gd32
a711x_a712x.s

TIMER20_CC0_CC0N_IRQHandler 00000054

Symbol: TIMER20_CC0_CC0N_IRQHandler
   Definitions
      At line 671 in file ..\firmware\cmsis\GD\GD32A7xx\Source\ARM\startup_gd32
a711x_a712x.s
   Uses
      At line 206 in file ..\firmware\cmsis\GD\GD32A7xx\Source\ARM\startup_gd32
a711x_a712x.s
      At line 515 in file ..\firmware\cmsis\GD\GD32A7xx\Source\ARM\startup_gd32
a711x_a712x.s

TIMER20_CC1_CC1N_IRQHandler 00000054

Symbol: TIMER20_CC1_CC1N_IRQHandler
   Definitions
      At line 672 in file ..\firmware\cmsis\GD\GD32A7xx\Source\ARM\startup_gd32
a711x_a712x.s
   Uses
      At line 207 in file ..\firmware\cmsis\GD\GD32A7xx\Source\ARM\startup_gd32
a711x_a712x.s
      At line 516 in file ..\firmware\cmsis\GD\GD32A7xx\Source\ARM\startup_gd32
a711x_a712x.s

TIMER20_CC2_CC2N_IRQHandler 00000054

Symbol: TIMER20_CC2_CC2N_IRQHandler
   Definitions
      At line 673 in file ..\firmware\cmsis\GD\GD32A7xx\Source\ARM\startup_gd32
a711x_a712x.s
   Uses
      At line 208 in file ..\firmware\cmsis\GD\GD32A7xx\Source\ARM\startup_gd32
a711x_a712x.s
      At line 517 in file ..\firmware\cmsis\GD\GD32A7xx\Source\ARM\startup_gd32



ARM Macro Assembler    Page 27 Alphabetic symbol ordering
Relocatable symbols

a711x_a712x.s

TIMER20_CC3_CC3N_IRQHandler 00000054

Symbol: TIMER20_CC3_CC3N_IRQHandler
   Definitions
      At line 674 in file ..\firmware\cmsis\GD\GD32A7xx\Source\ARM\startup_gd32
a711x_a712x.s
   Uses
      At line 209 in file ..\firmware\cmsis\GD\GD32A7xx\Source\ARM\startup_gd32
a711x_a712x.s
      At line 518 in file ..\firmware\cmsis\GD\GD32A7xx\Source\ARM\startup_gd32
a711x_a712x.s

TIMER2_CC0_IRQHandler 00000054

Symbol: TIMER2_CC0_IRQHandler
   Definitions
      At line 713 in file ..\firmware\cmsis\GD\GD32A7xx\Source\ARM\startup_gd32
a711x_a712x.s
   Uses
      At line 276 in file ..\firmware\cmsis\GD\GD32A7xx\Source\ARM\startup_gd32
a711x_a712x.s
      At line 557 in file ..\firmware\cmsis\GD\GD32A7xx\Source\ARM\startup_gd32
a711x_a712x.s

TIMER2_CC1_IRQHandler 00000054

Symbol: TIMER2_CC1_IRQHandler
   Definitions
      At line 714 in file ..\firmware\cmsis\GD\GD32A7xx\Source\ARM\startup_gd32
a711x_a712x.s
   Uses
      At line 277 in file ..\firmware\cmsis\GD\GD32A7xx\Source\ARM\startup_gd32
a711x_a712x.s
      At line 558 in file ..\firmware\cmsis\GD\GD32A7xx\Source\ARM\startup_gd32
a711x_a712x.s

TIMER2_CC2_IRQHandler 00000054

Symbol: TIMER2_CC2_IRQHandler
   Definitions
      At line 715 in file ..\firmware\cmsis\GD\GD32A7xx\Source\ARM\startup_gd32
a711x_a712x.s
   Uses
      At line 278 in file ..\firmware\cmsis\GD\GD32A7xx\Source\ARM\startup_gd32
a711x_a712x.s
      At line 559 in file ..\firmware\cmsis\GD\GD32A7xx\Source\ARM\startup_gd32
a711x_a712x.s

TIMER2_CC3_IRQHandler 00000054

Symbol: TIMER2_CC3_IRQHandler
   Definitions
      At line 716 in file ..\firmware\cmsis\GD\GD32A7xx\Source\ARM\startup_gd32
a711x_a712x.s
   Uses
      At line 279 in file ..\firmware\cmsis\GD\GD32A7xx\Source\ARM\startup_gd32
a711x_a712x.s



ARM Macro Assembler    Page 28 Alphabetic symbol ordering
Relocatable symbols

      At line 560 in file ..\firmware\cmsis\GD\GD32A7xx\Source\ARM\startup_gd32
a711x_a712x.s

TIMER2_IRQHandler 00000054

Symbol: TIMER2_IRQHandler
   Definitions
      At line 599 in file ..\firmware\cmsis\GD\GD32A7xx\Source\ARM\startup_gd32
a711x_a712x.s
   Uses
      At line 117 in file ..\firmware\cmsis\GD\GD32A7xx\Source\ARM\startup_gd32
a711x_a712x.s
      At line 443 in file ..\firmware\cmsis\GD\GD32A7xx\Source\ARM\startup_gd32
a711x_a712x.s

TIMER5_CH0_UP_IRQHandler 00000054

Symbol: TIMER5_CH0_UP_IRQHandler
   Definitions
      At line 723 in file ..\firmware\cmsis\GD\GD32A7xx\Source\ARM\startup_gd32
a711x_a712x.s
   Uses
      At line 304 in file ..\firmware\cmsis\GD\GD32A7xx\Source\ARM\startup_gd32
a711x_a712x.s
      At line 567 in file ..\firmware\cmsis\GD\GD32A7xx\Source\ARM\startup_gd32
a711x_a712x.s

TIMER5_CH1_UP_IRQHandler 00000054

Symbol: TIMER5_CH1_UP_IRQHandler
   Definitions
      At line 724 in file ..\firmware\cmsis\GD\GD32A7xx\Source\ARM\startup_gd32
a711x_a712x.s
   Uses
      At line 305 in file ..\firmware\cmsis\GD\GD32A7xx\Source\ARM\startup_gd32
a711x_a712x.s
      At line 568 in file ..\firmware\cmsis\GD\GD32A7xx\Source\ARM\startup_gd32
a711x_a712x.s

TIMER5_CH2_UP_IRQHandler 00000054

Symbol: TIMER5_CH2_UP_IRQHandler
   Definitions
      At line 725 in file ..\firmware\cmsis\GD\GD32A7xx\Source\ARM\startup_gd32
a711x_a712x.s
   Uses
      At line 306 in file ..\firmware\cmsis\GD\GD32A7xx\Source\ARM\startup_gd32
a711x_a712x.s
      At line 569 in file ..\firmware\cmsis\GD\GD32A7xx\Source\ARM\startup_gd32
a711x_a712x.s

TIMER5_CH3_UP_IRQHandler 00000054

Symbol: TIMER5_CH3_UP_IRQHandler
   Definitions
      At line 726 in file ..\firmware\cmsis\GD\GD32A7xx\Source\ARM\startup_gd32
a711x_a712x.s
   Uses
      At line 307 in file ..\firmware\cmsis\GD\GD32A7xx\Source\ARM\startup_gd32



ARM Macro Assembler    Page 29 Alphabetic symbol ordering
Relocatable symbols

a711x_a712x.s
      At line 570 in file ..\firmware\cmsis\GD\GD32A7xx\Source\ARM\startup_gd32
a711x_a712x.s

TIMER60_BRK_UP_TRG_CMT_IRQHandler 00000054

Symbol: TIMER60_BRK_UP_TRG_CMT_IRQHandler
   Definitions
      At line 719 in file ..\firmware\cmsis\GD\GD32A7xx\Source\ARM\startup_gd32
a711x_a712x.s
   Uses
      At line 300 in file ..\firmware\cmsis\GD\GD32A7xx\Source\ARM\startup_gd32
a711x_a712x.s
      At line 563 in file ..\firmware\cmsis\GD\GD32A7xx\Source\ARM\startup_gd32
a711x_a712x.s

TIMER60_CC0_CC0N_IRQHandler 00000054

Symbol: TIMER60_CC0_CC0N_IRQHandler
   Definitions
      At line 675 in file ..\firmware\cmsis\GD\GD32A7xx\Source\ARM\startup_gd32
a711x_a712x.s
   Uses
      At line 210 in file ..\firmware\cmsis\GD\GD32A7xx\Source\ARM\startup_gd32
a711x_a712x.s
      At line 519 in file ..\firmware\cmsis\GD\GD32A7xx\Source\ARM\startup_gd32
a711x_a712x.s

TIMER60_CC1_CC1N_IRQHandler 00000054

Symbol: TIMER60_CC1_CC1N_IRQHandler
   Definitions
      At line 676 in file ..\firmware\cmsis\GD\GD32A7xx\Source\ARM\startup_gd32
a711x_a712x.s
   Uses
      At line 211 in file ..\firmware\cmsis\GD\GD32A7xx\Source\ARM\startup_gd32
a711x_a712x.s
      At line 520 in file ..\firmware\cmsis\GD\GD32A7xx\Source\ARM\startup_gd32
a711x_a712x.s

TIMER60_CC2_CC2N_IRQHandler 00000054

Symbol: TIMER60_CC2_CC2N_IRQHandler
   Definitions
      At line 677 in file ..\firmware\cmsis\GD\GD32A7xx\Source\ARM\startup_gd32
a711x_a712x.s
   Uses
      At line 212 in file ..\firmware\cmsis\GD\GD32A7xx\Source\ARM\startup_gd32
a711x_a712x.s
      At line 521 in file ..\firmware\cmsis\GD\GD32A7xx\Source\ARM\startup_gd32
a711x_a712x.s

TIMER60_CC3_CC3N_IRQHandler 00000054

Symbol: TIMER60_CC3_CC3N_IRQHandler
   Definitions
      At line 678 in file ..\firmware\cmsis\GD\GD32A7xx\Source\ARM\startup_gd32
a711x_a712x.s
   Uses



ARM Macro Assembler    Page 30 Alphabetic symbol ordering
Relocatable symbols

      At line 213 in file ..\firmware\cmsis\GD\GD32A7xx\Source\ARM\startup_gd32
a711x_a712x.s
      At line 522 in file ..\firmware\cmsis\GD\GD32A7xx\Source\ARM\startup_gd32
a711x_a712x.s

TIMER61_BRK_UP_TRG_CMT_IRQHandler 00000054

Symbol: TIMER61_BRK_UP_TRG_CMT_IRQHandler
   Definitions
      At line 720 in file ..\firmware\cmsis\GD\GD32A7xx\Source\ARM\startup_gd32
a711x_a712x.s
   Uses
      At line 301 in file ..\firmware\cmsis\GD\GD32A7xx\Source\ARM\startup_gd32
a711x_a712x.s
      At line 564 in file ..\firmware\cmsis\GD\GD32A7xx\Source\ARM\startup_gd32
a711x_a712x.s

TIMER61_CC0_CC0N_IRQHandler 00000054

Symbol: TIMER61_CC0_CC0N_IRQHandler
   Definitions
      At line 679 in file ..\firmware\cmsis\GD\GD32A7xx\Source\ARM\startup_gd32
a711x_a712x.s
   Uses
      At line 214 in file ..\firmware\cmsis\GD\GD32A7xx\Source\ARM\startup_gd32
a711x_a712x.s
      At line 523 in file ..\firmware\cmsis\GD\GD32A7xx\Source\ARM\startup_gd32
a711x_a712x.s

TIMER61_CC1_CC1N_IRQHandler 00000054

Symbol: TIMER61_CC1_CC1N_IRQHandler
   Definitions
      At line 680 in file ..\firmware\cmsis\GD\GD32A7xx\Source\ARM\startup_gd32
a711x_a712x.s
   Uses
      At line 215 in file ..\firmware\cmsis\GD\GD32A7xx\Source\ARM\startup_gd32
a711x_a712x.s
      At line 524 in file ..\firmware\cmsis\GD\GD32A7xx\Source\ARM\startup_gd32
a711x_a712x.s

TIMER61_CC2_CC2N_IRQHandler 00000054

Symbol: TIMER61_CC2_CC2N_IRQHandler
   Definitions
      At line 681 in file ..\firmware\cmsis\GD\GD32A7xx\Source\ARM\startup_gd32
a711x_a712x.s
   Uses
      At line 216 in file ..\firmware\cmsis\GD\GD32A7xx\Source\ARM\startup_gd32
a711x_a712x.s
      At line 525 in file ..\firmware\cmsis\GD\GD32A7xx\Source\ARM\startup_gd32
a711x_a712x.s

TIMER61_CC3_CC3N_IRQHandler 00000054

Symbol: TIMER61_CC3_CC3N_IRQHandler
   Definitions
      At line 682 in file ..\firmware\cmsis\GD\GD32A7xx\Source\ARM\startup_gd32
a711x_a712x.s



ARM Macro Assembler    Page 31 Alphabetic symbol ordering
Relocatable symbols

   Uses
      At line 217 in file ..\firmware\cmsis\GD\GD32A7xx\Source\ARM\startup_gd32
a711x_a712x.s
      At line 526 in file ..\firmware\cmsis\GD\GD32A7xx\Source\ARM\startup_gd32
a711x_a712x.s

TIMER62_BRK_UP_TRG_CMT_IRQHandler 00000054

Symbol: TIMER62_BRK_UP_TRG_CMT_IRQHandler
   Definitions
      At line 721 in file ..\firmware\cmsis\GD\GD32A7xx\Source\ARM\startup_gd32
a711x_a712x.s
   Uses
      At line 302 in file ..\firmware\cmsis\GD\GD32A7xx\Source\ARM\startup_gd32
a711x_a712x.s
      At line 565 in file ..\firmware\cmsis\GD\GD32A7xx\Source\ARM\startup_gd32
a711x_a712x.s

TIMER62_CC0_CC0N_IRQHandler 00000054

Symbol: TIMER62_CC0_CC0N_IRQHandler
   Definitions
      At line 683 in file ..\firmware\cmsis\GD\GD32A7xx\Source\ARM\startup_gd32
a711x_a712x.s
   Uses
      At line 218 in file ..\firmware\cmsis\GD\GD32A7xx\Source\ARM\startup_gd32
a711x_a712x.s
      At line 527 in file ..\firmware\cmsis\GD\GD32A7xx\Source\ARM\startup_gd32
a711x_a712x.s

TIMER62_CC1_CC1N_IRQHandler 00000054

Symbol: TIMER62_CC1_CC1N_IRQHandler
   Definitions
      At line 684 in file ..\firmware\cmsis\GD\GD32A7xx\Source\ARM\startup_gd32
a711x_a712x.s
   Uses
      At line 219 in file ..\firmware\cmsis\GD\GD32A7xx\Source\ARM\startup_gd32
a711x_a712x.s
      At line 528 in file ..\firmware\cmsis\GD\GD32A7xx\Source\ARM\startup_gd32
a711x_a712x.s

TIMER62_CC2_CC2N_IRQHandler 00000054

Symbol: TIMER62_CC2_CC2N_IRQHandler
   Definitions
      At line 685 in file ..\firmware\cmsis\GD\GD32A7xx\Source\ARM\startup_gd32
a711x_a712x.s
   Uses
      At line 220 in file ..\firmware\cmsis\GD\GD32A7xx\Source\ARM\startup_gd32
a711x_a712x.s
      At line 529 in file ..\firmware\cmsis\GD\GD32A7xx\Source\ARM\startup_gd32
a711x_a712x.s

TIMER62_CC3_CC3N_IRQHandler 00000054

Symbol: TIMER62_CC3_CC3N_IRQHandler
   Definitions
      At line 686 in file ..\firmware\cmsis\GD\GD32A7xx\Source\ARM\startup_gd32



ARM Macro Assembler    Page 32 Alphabetic symbol ordering
Relocatable symbols

a711x_a712x.s
   Uses
      At line 221 in file ..\firmware\cmsis\GD\GD32A7xx\Source\ARM\startup_gd32
a711x_a712x.s
      At line 530 in file ..\firmware\cmsis\GD\GD32A7xx\Source\ARM\startup_gd32
a711x_a712x.s

TIMER63_BRK_UP_TRG_CMT_IRQHandler 00000054

Symbol: TIMER63_BRK_UP_TRG_CMT_IRQHandler
   Definitions
      At line 722 in file ..\firmware\cmsis\GD\GD32A7xx\Source\ARM\startup_gd32
a711x_a712x.s
   Uses
      At line 303 in file ..\firmware\cmsis\GD\GD32A7xx\Source\ARM\startup_gd32
a711x_a712x.s
      At line 566 in file ..\firmware\cmsis\GD\GD32A7xx\Source\ARM\startup_gd32
a711x_a712x.s

TIMER63_CC0_CC0N_IRQHandler 00000054

Symbol: TIMER63_CC0_CC0N_IRQHandler
   Definitions
      At line 687 in file ..\firmware\cmsis\GD\GD32A7xx\Source\ARM\startup_gd32
a711x_a712x.s
   Uses
      At line 222 in file ..\firmware\cmsis\GD\GD32A7xx\Source\ARM\startup_gd32
a711x_a712x.s
      At line 531 in file ..\firmware\cmsis\GD\GD32A7xx\Source\ARM\startup_gd32
a711x_a712x.s

TIMER63_CC1_CC1N_IRQHandler 00000054

Symbol: TIMER63_CC1_CC1N_IRQHandler
   Definitions
      At line 688 in file ..\firmware\cmsis\GD\GD32A7xx\Source\ARM\startup_gd32
a711x_a712x.s
   Uses
      At line 223 in file ..\firmware\cmsis\GD\GD32A7xx\Source\ARM\startup_gd32
a711x_a712x.s
      At line 532 in file ..\firmware\cmsis\GD\GD32A7xx\Source\ARM\startup_gd32
a711x_a712x.s

TIMER63_CC2_CC2N_IRQHandler 00000054

Symbol: TIMER63_CC2_CC2N_IRQHandler
   Definitions
      At line 689 in file ..\firmware\cmsis\GD\GD32A7xx\Source\ARM\startup_gd32
a711x_a712x.s
   Uses
      At line 224 in file ..\firmware\cmsis\GD\GD32A7xx\Source\ARM\startup_gd32
a711x_a712x.s
      At line 533 in file ..\firmware\cmsis\GD\GD32A7xx\Source\ARM\startup_gd32
a711x_a712x.s

TIMER63_CC3_CC3N_IRQHandler 00000054

Symbol: TIMER63_CC3_CC3N_IRQHandler
   Definitions



ARM Macro Assembler    Page 33 Alphabetic symbol ordering
Relocatable symbols

      At line 690 in file ..\firmware\cmsis\GD\GD32A7xx\Source\ARM\startup_gd32
a711x_a712x.s
   Uses
      At line 225 in file ..\firmware\cmsis\GD\GD32A7xx\Source\ARM\startup_gd32
a711x_a712x.s
      At line 534 in file ..\firmware\cmsis\GD\GD32A7xx\Source\ARM\startup_gd32
a711x_a712x.s

TIMER6_CH0_UP_IRQHandler 00000054

Symbol: TIMER6_CH0_UP_IRQHandler
   Definitions
      At line 727 in file ..\firmware\cmsis\GD\GD32A7xx\Source\ARM\startup_gd32
a711x_a712x.s
   Uses
      At line 308 in file ..\firmware\cmsis\GD\GD32A7xx\Source\ARM\startup_gd32
a711x_a712x.s
      At line 571 in file ..\firmware\cmsis\GD\GD32A7xx\Source\ARM\startup_gd32
a711x_a712x.s

TIMER6_CH1_UP_IRQHandler 00000054

Symbol: TIMER6_CH1_UP_IRQHandler
   Definitions
      At line 728 in file ..\firmware\cmsis\GD\GD32A7xx\Source\ARM\startup_gd32
a711x_a712x.s
   Uses
      At line 309 in file ..\firmware\cmsis\GD\GD32A7xx\Source\ARM\startup_gd32
a711x_a712x.s
      At line 572 in file ..\firmware\cmsis\GD\GD32A7xx\Source\ARM\startup_gd32
a711x_a712x.s

TIMER6_CH2_UP_IRQHandler 00000054

Symbol: TIMER6_CH2_UP_IRQHandler
   Definitions
      At line 729 in file ..\firmware\cmsis\GD\GD32A7xx\Source\ARM\startup_gd32
a711x_a712x.s
   Uses
      At line 310 in file ..\firmware\cmsis\GD\GD32A7xx\Source\ARM\startup_gd32
a711x_a712x.s
      At line 573 in file ..\firmware\cmsis\GD\GD32A7xx\Source\ARM\startup_gd32
a711x_a712x.s

TIMER6_CH3_UP_IRQHandler 00000054

Symbol: TIMER6_CH3_UP_IRQHandler
   Definitions
      At line 730 in file ..\firmware\cmsis\GD\GD32A7xx\Source\ARM\startup_gd32
a711x_a712x.s
   Uses
      At line 311 in file ..\firmware\cmsis\GD\GD32A7xx\Source\ARM\startup_gd32
a711x_a712x.s
      At line 574 in file ..\firmware\cmsis\GD\GD32A7xx\Source\ARM\startup_gd32
a711x_a712x.s

TIMER7_BRK_UP_TRG_CMT_IRQHandler 00000054

Symbol: TIMER7_BRK_UP_TRG_CMT_IRQHandler



ARM Macro Assembler    Page 34 Alphabetic symbol ordering
Relocatable symbols

   Definitions
      At line 614 in file ..\firmware\cmsis\GD\GD32A7xx\Source\ARM\startup_gd32
a711x_a712x.s
   Uses
      At line 135 in file ..\firmware\cmsis\GD\GD32A7xx\Source\ARM\startup_gd32
a711x_a712x.s
      At line 458 in file ..\firmware\cmsis\GD\GD32A7xx\Source\ARM\startup_gd32
a711x_a712x.s

TIMER7_CC0_CC0N_IRQHandler 00000054

Symbol: TIMER7_CC0_CC0N_IRQHandler
   Definitions
      At line 705 in file ..\firmware\cmsis\GD\GD32A7xx\Source\ARM\startup_gd32
a711x_a712x.s
   Uses
      At line 268 in file ..\firmware\cmsis\GD\GD32A7xx\Source\ARM\startup_gd32
a711x_a712x.s
      At line 549 in file ..\firmware\cmsis\GD\GD32A7xx\Source\ARM\startup_gd32
a711x_a712x.s

TIMER7_CC1_CC1N_IRQHandler 00000054

Symbol: TIMER7_CC1_CC1N_IRQHandler
   Definitions
      At line 706 in file ..\firmware\cmsis\GD\GD32A7xx\Source\ARM\startup_gd32
a711x_a712x.s
   Uses
      At line 269 in file ..\firmware\cmsis\GD\GD32A7xx\Source\ARM\startup_gd32
a711x_a712x.s
      At line 550 in file ..\firmware\cmsis\GD\GD32A7xx\Source\ARM\startup_gd32
a711x_a712x.s

TIMER7_CC2_CC2N_IRQHandler 00000054

Symbol: TIMER7_CC2_CC2N_IRQHandler
   Definitions
      At line 707 in file ..\firmware\cmsis\GD\GD32A7xx\Source\ARM\startup_gd32
a711x_a712x.s
   Uses
      At line 270 in file ..\firmware\cmsis\GD\GD32A7xx\Source\ARM\startup_gd32
a711x_a712x.s
      At line 551 in file ..\firmware\cmsis\GD\GD32A7xx\Source\ARM\startup_gd32
a711x_a712x.s

TIMER7_CC3_CC3N_IRQHandler 00000054

Symbol: TIMER7_CC3_CC3N_IRQHandler
   Definitions
      At line 708 in file ..\firmware\cmsis\GD\GD32A7xx\Source\ARM\startup_gd32
a711x_a712x.s
   Uses
      At line 271 in file ..\firmware\cmsis\GD\GD32A7xx\Source\ARM\startup_gd32
a711x_a712x.s
      At line 552 in file ..\firmware\cmsis\GD\GD32A7xx\Source\ARM\startup_gd32
a711x_a712x.s

UsageFault_Handler 0000004A




ARM Macro Assembler    Page 35 Alphabetic symbol ordering
Relocatable symbols

Symbol: UsageFault_Handler
   Definitions
      At line 394 in file ..\firmware\cmsis\GD\GD32A7xx\Source\ARM\startup_gd32
a711x_a712x.s
   Uses
      At line 78 in file ..\firmware\cmsis\GD\GD32A7xx\Source\ARM\startup_gd32a
711x_a712x.s
      At line 395 in file ..\firmware\cmsis\GD\GD32A7xx\Source\ARM\startup_gd32
a711x_a712x.s

WWDGT0_IRQHandler 00000054

Symbol: WWDGT0_IRQHandler
   Definitions
      At line 576 in file ..\firmware\cmsis\GD\GD32A7xx\Source\ARM\startup_gd32
a711x_a712x.s
   Uses
      At line 90 in file ..\firmware\cmsis\GD\GD32A7xx\Source\ARM\startup_gd32a
711x_a712x.s
      At line 420 in file ..\firmware\cmsis\GD\GD32A7xx\Source\ARM\startup_gd32
a711x_a712x.s

170 symbols



ARM Macro Assembler    Page 1 Alphabetic symbol ordering
Absolute symbols

Heap_Size 00000800

Symbol: Heap_Size
   Definitions
      At line 44 in file ..\firmware\cmsis\GD\GD32A7xx\Source\ARM\startup_gd32a
711x_a712x.s
   Uses
      At line 48 in file ..\firmware\cmsis\GD\GD32A7xx\Source\ARM\startup_gd32a
711x_a712x.s
Comment: Heap_Size used once
Stack_Size 00001000

Symbol: Stack_Size
   Definitions
      At line 33 in file ..\firmware\cmsis\GD\GD32A7xx\Source\ARM\startup_gd32a
711x_a712x.s
   Uses
      At line 36 in file ..\firmware\cmsis\GD\GD32A7xx\Source\ARM\startup_gd32a
711x_a712x.s
Comment: Stack_Size used once
__Vectors_Size 00000400

Symbol: __Vectors_Size
   Definitions
      At line 332 in file ..\firmware\cmsis\GD\GD32A7xx\Source\ARM\startup_gd32
a711x_a712x.s
   Uses
      At line 58 in file ..\firmware\cmsis\GD\GD32A7xx\Source\ARM\startup_gd32a
711x_a712x.s
Comment: __Vectors_Size used once
3 symbols



ARM Macro Assembler    Page 1 Alphabetic symbol ordering
External symbols

Image$$RW_IRAM1$$RW$$Base 00000000

Symbol: Image$$RW_IRAM1$$RW$$Base
   Definitions
      At line 339 in file ..\firmware\cmsis\GD\GD32A7xx\Source\ARM\startup_gd32
a711x_a712x.s
   Uses
      At line 342 in file ..\firmware\cmsis\GD\GD32A7xx\Source\ARM\startup_gd32
a711x_a712x.s
Comment: Image$$RW_IRAM1$$RW$$Base used once
SystemInit 00000000

Symbol: SystemInit
   Definitions
      At line 365 in file ..\firmware\cmsis\GD\GD32A7xx\Source\ARM\startup_gd32
a711x_a712x.s
   Uses
      At line 367 in file ..\firmware\cmsis\GD\GD32A7xx\Source\ARM\startup_gd32
a711x_a712x.s
Comment: SystemInit used once
__main 00000000

Symbol: __main
   Definitions
      At line 366 in file ..\firmware\cmsis\GD\GD32A7xx\Source\ARM\startup_gd32
a711x_a712x.s
   Uses
      At line 369 in file ..\firmware\cmsis\GD\GD32A7xx\Source\ARM\startup_gd32
a711x_a712x.s
Comment: __main used once
3 symbols
523 symbols in table
